"id","concept_id","value_as_concept_id","concept_name","type","est_count"
1,3000067,0,"MIN","NUM",0
2,3000067,0,"MAX","NUM",65397
3,3000078,0,"MIN","NUM",0
4,3000078,0,"MAX","NUM",7148275
5,3000089,0,"MAX","NUM",256
6,3000089,0,"MIN","NUM",0
7,3000120,0,"MAX","NUM",27.7
8,3000120,0,"MIN","NUM",0.7
9,3000127,0,"MAX","NUM",0.5
10,3000127,0,"MIN","NUM",0.5
11,3000138,0,"MAX","NUM",68.6
12,3000138,0,"MIN","NUM",0.9
13,3000150,0,"MIN","NUM",0.12
14,3000150,0,"MAX","NUM",16
15,3000167,0,"MIN","NUM",1
16,3000167,0,"MAX","NUM",514
17,3000194,0,"MIN","NUM",0
18,3000194,0,"MAX","NUM",38
19,3000285,0,"MAX","NUM",200
20,3000285,0,"MIN","NUM",4
21,3000330,0,"MAX","NUM",1023
22,3000330,0,"MIN","NUM",-6
23,3000385,0,"MIN","NUM",0
24,3000385,0,"MAX","NUM",80.09
25,3000415,0,"MAX","NUM",20.4
26,3000415,0,"MIN","NUM",2.7
27,3000472,0,"MIN","NUM",1
28,3000472,0,"MAX","NUM",4
29,3000483,0,"MAX","NUM",3706
30,3000483,0,"MIN","NUM",-3
31,3000515,0,"MAX","NUM",198
32,3000515,0,"MIN","NUM",13
33,3000566,0,"MAX","NUM",233.4
34,3000566,0,"MIN","NUM",3
35,3000570,0,"MIN","NUM",6
36,3000570,0,"MAX","NUM",500
37,3000593,0,"MIN","NUM",25
38,3000593,0,"MAX","NUM",42857
39,3000598,0,"MAX","NUM",98
40,3000598,0,"MIN","NUM",0
41,3000620,0,"MAX","NUM",611
42,3000620,0,"MIN","NUM",14
43,3000637,0,"MAX","NUM",3573
44,3000637,0,"MIN","NUM",7
45,3000666,0,"MAX","NUM",138
46,3000666,0,"MIN","NUM",0
47,3000722,0,"MAX","NUM",1030
48,3000722,0,"MIN","NUM",1
49,3000748,0,"MIN","NUM",13.1
50,3000748,0,"MAX","NUM",69.6
51,3000769,0,"MIN","NUM",8
52,3000769,0,"MAX","NUM",8
53,3000787,0,"MAX","NUM",136.2
54,3000787,0,"MIN","NUM",0
55,3000822,0,"MIN","NUM",2.7
56,3000822,0,"MAX","NUM",18
57,3000876,0,"MAX","NUM",46.9
58,3000876,0,"MIN","NUM",0.14
59,3000899,0,"MIN","NUM",0
60,3000899,0,"MAX","NUM",37.37
61,3000905,0,"MIN","NUM",-6
62,3000905,0,"MAX","NUM",596000
63,3000936,0,"MIN","NUM",0.32
64,3000936,0,"MAX","NUM",2.39
65,3000963,0,"MAX","NUM",1539
66,3000963,0,"MIN","NUM",0
67,3001008,0,"MIN","NUM",0
68,3001008,0,"MAX","NUM",1467
69,3001052,0,"MAX","NUM",1
70,3001052,0,"MIN","NUM",0.75
71,3001122,0,"MIN","NUM",0
72,3001122,0,"MAX","NUM",291950
73,3001149,0,"MIN","NUM",12
74,3001149,0,"MAX","NUM",200
75,3001199,0,"MIN","NUM",0
76,3001199,0,"MAX","NUM",0
77,3001218,0,"MAX","NUM",2152
78,3001218,0,"MIN","NUM",3
79,3001247,0,"MIN","NUM",0.1
80,3001247,0,"MAX","NUM",52.5
81,3001258,0,"MAX","NUM",100
82,3001258,0,"MIN","NUM",5.3
83,3001260,0,"MIN","NUM",10
84,3001260,0,"MAX","NUM",179
85,3001280,0,"MIN","NUM",2
86,3001280,0,"MAX","NUM",13
87,3001294,0,"MIN","NUM",28
88,3001294,0,"MAX","NUM",76
89,3001349,0,"MAX","NUM",9105
90,3001349,0,"MIN","NUM",2.43
91,3001378,0,"MAX","NUM",9.14
92,3001378,0,"MIN","NUM",0.1
93,3001417,0,"MIN","NUM",0
94,3001417,0,"MAX","NUM",365
95,3001420,0,"MAX","NUM",34.8
96,3001420,0,"MIN","NUM",0
97,3001467,0,"MIN","NUM",4
98,3001467,0,"MAX","NUM",2730
99,3001475,0,"MAX","NUM",304
100,3001475,0,"MIN","NUM",101
101,3001488,0,"MIN","NUM",0.1
102,3001488,0,"MAX","NUM",12.8
103,3001494,0,"MAX","NUM",150
104,3001494,0,"MIN","NUM",1
105,3001585,0,"MIN","NUM",4
106,3001585,0,"MAX","NUM",1802100
107,3001599,0,"MIN","NUM",22
108,3001599,0,"MAX","NUM",2760
109,3001613,0,"MIN","NUM",0.06
110,3001613,0,"MAX","NUM",0.06
111,3001706,0,"MIN","NUM",0.2
112,3001706,0,"MAX","NUM",66.6
113,3001709,0,"MAX","NUM",2675
114,3001709,0,"MIN","NUM",4
115,3001747,0,"MIN","NUM",2.7
116,3001747,0,"MAX","NUM",30.4
117,3001784,0,"MIN","NUM",0
118,3001784,0,"MAX","NUM",111.11
119,3001793,0,"MIN","NUM",0.3
120,3001793,0,"MAX","NUM",7
121,3001797,0,"MIN","NUM",0.6
122,3001797,0,"MAX","NUM",9.37
123,3001818,0,"MIN","NUM",2
124,3001818,0,"MAX","NUM",460
125,3001850,0,"MAX","NUM",200
126,3001850,0,"MIN","NUM",2
127,3001892,0,"MAX","NUM",70
128,3001892,0,"MIN","NUM",1
129,3001915,0,"MAX","NUM",55.3
130,3001915,0,"MIN","NUM",0.1
131,3002022,0,"MAX","NUM",184
132,3002022,0,"MIN","NUM",18
133,3002030,0,"MIN","NUM",0
134,3002030,0,"MAX","NUM",753
135,3002079,0,"MAX","NUM",1595
136,3002079,0,"MIN","NUM",1
137,3002082,0,"MAX","NUM",173
138,3002082,0,"MIN","NUM",4
139,3002140,0,"MAX","NUM",208
140,3002140,0,"MIN","NUM",78
141,3002187,0,"MIN","NUM",0.1
142,3002187,0,"MAX","NUM",52.4
143,3002238,0,"MIN","NUM",0
144,3002238,0,"MAX","NUM",77.5
145,3002248,0,"MIN","NUM",0
146,3002248,0,"MAX","NUM",25.4
147,3002252,0,"MAX","NUM",10
148,3002252,0,"MIN","NUM",0.65
149,3002278,0,"MIN","NUM",0.03
150,3002278,0,"MAX","NUM",2045
151,3002291,0,"MAX","NUM",0.13
152,3002291,0,"MIN","NUM",0.13
153,3002348,0,"MIN","NUM",7
154,3002348,0,"MAX","NUM",197
155,3002374,0,"MAX","NUM",429.8
156,3002374,0,"MIN","NUM",0.2
157,3002395,0,"MAX","NUM",422.9
158,3002395,0,"MIN","NUM",3
159,3002400,0,"MAX","NUM",4540
160,3002400,0,"MIN","NUM",0
161,3002431,0,"MAX","NUM",493.82
162,3002431,0,"MIN","NUM",0.03
163,3002440,0,"MAX","NUM",2990
164,3002440,0,"MIN","NUM",50.5
165,3002463,0,"MIN","NUM",0.1
166,3002463,0,"MAX","NUM",83.7
167,3002479,0,"MIN","NUM",0.1
168,3002479,0,"MAX","NUM",12.6
169,3002523,0,"MAX","NUM",100
170,3002523,0,"MIN","NUM",90
171,3002527,0,"MAX","NUM",38.1
172,3002527,0,"MIN","NUM",0.1
173,3002538,0,"MAX","NUM",10.1
174,3002538,0,"MIN","NUM",0.12
175,3002617,0,"MIN","NUM",0
176,3002617,0,"MAX","NUM",631.3
177,3002621,0,"MIN","NUM",76
178,3002621,0,"MAX","NUM",2100
179,3002625,0,"MIN","NUM",2.7
180,3002625,0,"MAX","NUM",2040
181,3002636,0,"MAX","NUM",0.33
182,3002636,0,"MIN","NUM",0.11
183,3002639,0,"MAX","NUM",5.9
184,3002639,0,"MIN","NUM",1.2
185,3002751,0,"MAX","NUM",37
186,3002751,0,"MIN","NUM",0
187,3002752,0,"MAX","NUM",279
188,3002752,0,"MIN","NUM",1
189,3002754,0,"MAX","NUM",132.7
190,3002754,0,"MIN","NUM",1
191,3002762,0,"MIN","NUM",10
192,3002762,0,"MAX","NUM",155
193,3002827,0,"MAX","NUM",12006
194,3002827,0,"MIN","NUM",2
195,3002848,0,"MIN","NUM",0
196,3002848,0,"MAX","NUM",82
197,3002850,0,"MIN","NUM",6
198,3002850,0,"MAX","NUM",6
199,3002888,0,"MAX","NUM",318
200,3002888,0,"MIN","NUM",0
201,3003101,0,"MAX","NUM",1.28
202,3003101,0,"MIN","NUM",0.02
203,3003122,0,"MAX","NUM",20.36
204,3003122,0,"MIN","NUM",0.05
205,3003181,0,"MAX","NUM",643
206,3003181,0,"MIN","NUM",1
207,3003195,0,"MIN","NUM",2.2
208,3003195,0,"MAX","NUM",120
209,3003237,0,"MAX","NUM",22.23
210,3003237,0,"MIN","NUM",0.47
211,3003245,0,"MIN","NUM",3
212,3003245,0,"MAX","NUM",80
213,3003265,0,"MIN","NUM",5.1
214,3003265,0,"MAX","NUM",5.1
215,3003282,0,"MIN","NUM",0
216,3003282,0,"MAX","NUM",2513
217,3003406,0,"MAX","NUM",0.68
218,3003406,0,"MIN","NUM",0.12
219,3003415,0,"MIN","NUM",0
220,3003415,0,"MAX","NUM",6838.9
221,3003526,0,"MAX","NUM",29.2
222,3003526,0,"MIN","NUM",0.1
223,3003562,0,"MAX","NUM",42
224,3003562,0,"MIN","NUM",2
225,3003576,0,"MIN","NUM",0.11
226,3003576,0,"MAX","NUM",12.4
227,3003645,0,"MIN","NUM",0
228,3003645,0,"MAX","NUM",8.87
229,3003678,0,"MIN","NUM",80
230,3003678,0,"MAX","NUM",540
231,3003765,0,"MAX","NUM",0.56
232,3003765,0,"MIN","NUM",0.17
233,3003771,0,"MIN","NUM",36
234,3003771,0,"MAX","NUM",135
235,3003785,0,"MAX","NUM",101952.3
236,3003785,0,"MIN","NUM",0
237,3003888,0,"MAX","NUM",58.5
238,3003888,0,"MIN","NUM",0.1
239,3003985,0,"MIN","NUM",9
240,3003985,0,"MAX","NUM",385
241,3004009,0,"MAX","NUM",64
242,3004009,0,"MIN","NUM",0
243,3004057,0,"MIN","NUM",0
244,3004057,0,"MAX","NUM",8
245,3004141,0,"MAX","NUM",11.9
246,3004141,0,"MIN","NUM",0.1
247,3004149,0,"MIN","NUM",9
248,3004149,0,"MAX","NUM",141
249,3004206,0,"MIN","NUM",0
250,3004206,0,"MAX","NUM",1400
251,3004217,0,"MIN","NUM",0
252,3004217,0,"MAX","NUM",96.46
253,3004218,0,"MAX","NUM",252
254,3004218,0,"MIN","NUM",2
255,3004239,0,"MIN","NUM",0
256,3004239,0,"MAX","NUM",10530
257,3004248,0,"MAX","NUM",575
258,3004248,0,"MIN","NUM",5
259,3004254,0,"MAX","NUM",622
260,3004254,0,"MIN","NUM",4
261,3004327,0,"MAX","NUM",254800
262,3004327,0,"MIN","NUM",0
263,3004396,0,"MIN","NUM",1.2
264,3004396,0,"MAX","NUM",22.2
265,3004409,0,"MIN","NUM",3
266,3004409,0,"MAX","NUM",199
267,3004410,0,"MAX","NUM",972
268,3004410,0,"MIN","NUM",0
269,3004501,0,"MIN","NUM",0
270,3004501,0,"MAX","NUM",2640
271,3004564,0,"MAX","NUM",1743.8
272,3004564,0,"MIN","NUM",18.5
273,3004637,0,"MAX","NUM",1.7
274,3004637,0,"MIN","NUM",0.2
275,3004653,0,"MAX","NUM",77
276,3004653,0,"MIN","NUM",0.2
277,3004663,0,"MIN","NUM",148
278,3004663,0,"MAX","NUM",905
279,3004665,0,"MAX","NUM",25.8
280,3004665,0,"MIN","NUM",2.7
281,3004671,0,"MAX","NUM",0.26
282,3004671,0,"MIN","NUM",0.03
283,3004708,0,"MIN","NUM",0
284,3004708,0,"MAX","NUM",32.3
285,3004722,0,"MAX","NUM",5572.7
286,3004722,0,"MIN","NUM",0.5
287,3004739,0,"MAX","NUM",1233
288,3004739,0,"MIN","NUM",4
289,3004775,0,"MIN","NUM",0
290,3004775,0,"MAX","NUM",88883
291,3004789,0,"MIN","NUM",0
292,3004789,0,"MAX","NUM",691
293,3004905,0,"MIN","NUM",0
294,3004905,0,"MAX","NUM",45790
295,3004944,0,"MAX","NUM",80.1
296,3004944,0,"MIN","NUM",0.2
297,3004955,0,"MIN","NUM",5
298,3004955,0,"MAX","NUM",548
299,3004977,0,"MIN","NUM",0.32
300,3004977,0,"MAX","NUM",1.29
301,3005004,0,"MIN","NUM",0.5
302,3005004,0,"MAX","NUM",2
303,3005006,0,"MIN","NUM",60
304,3005006,0,"MAX","NUM",63
305,3005008,0,"MIN","NUM",0.6
306,3005008,0,"MAX","NUM",1
307,3005013,0,"MIN","NUM",0
308,3005013,0,"MAX","NUM",164
309,3005029,0,"MAX","NUM",7400
310,3005029,0,"MIN","NUM",0
311,3005050,0,"MAX","NUM",350
312,3005050,0,"MIN","NUM",0
313,3005081,0,"MAX","NUM",95.9
314,3005081,0,"MIN","NUM",0
315,3005148,0,"MAX","NUM",1250
316,3005148,0,"MIN","NUM",0
317,3005229,0,"MIN","NUM",0
318,3005229,0,"MAX","NUM",18.1
319,3005233,0,"MIN","NUM",-1
320,3005233,0,"MAX","NUM",26
321,3005235,0,"MIN","NUM",0.11
322,3005235,0,"MAX","NUM",76.4
323,3005241,0,"MAX","NUM",2
324,3005241,0,"MIN","NUM",2
325,3005244,0,"MAX","NUM",12
326,3005244,0,"MIN","NUM",0.1
327,3005260,0,"MAX","NUM",35.48
328,3005260,0,"MIN","NUM",0
329,3005308,0,"MAX","NUM",52
330,3005308,0,"MIN","NUM",12
331,3005322,0,"MIN","NUM",3
332,3005322,0,"MAX","NUM",36480
333,3005333,0,"MAX","NUM",36.7
334,3005333,0,"MIN","NUM",0.11
335,3005335,0,"MAX","NUM",1264
336,3005335,0,"MIN","NUM",1
337,3005353,0,"MIN","NUM",3
338,3005353,0,"MAX","NUM",146
339,3005356,0,"MAX","NUM",32.3
340,3005356,0,"MIN","NUM",0.07
341,3005398,0,"MIN","NUM",0.13
342,3005398,0,"MAX","NUM",1.48
343,3005456,0,"MAX","NUM",141
344,3005456,0,"MIN","NUM",0
345,3005512,0,"MIN","NUM",10
346,3005512,0,"MAX","NUM",305
347,3005535,0,"MIN","NUM",4
348,3005535,0,"MAX","NUM",4
349,3005627,0,"MAX","NUM",830.3
350,3005627,0,"MIN","NUM",0
351,3005665,0,"MIN","NUM",0
352,3005665,0,"MAX","NUM",48.48
353,3005673,0,"MAX","NUM",18.5
354,3005673,0,"MIN","NUM",2.7
355,3005685,0,"MIN","NUM",2
356,3005685,0,"MAX","NUM",231
357,3005715,0,"MAX","NUM",9999999
358,3005715,0,"MIN","NUM",0
359,3005719,0,"MIN","NUM",0
360,3005719,0,"MAX","NUM",23003
361,3005738,0,"MIN","NUM",0
362,3005738,0,"MAX","NUM",28.79
363,3005757,0,"MIN","NUM",1
364,3005757,0,"MAX","NUM",198
365,3005769,0,"MAX","NUM",73
366,3005769,0,"MIN","NUM",4
367,3005785,0,"MIN","NUM",0
368,3005785,0,"MAX","NUM",3552.2
369,3005788,0,"MAX","NUM",0.26
370,3005788,0,"MIN","NUM",0.26
371,3005819,0,"MIN","NUM",4
372,3005819,0,"MAX","NUM",195
373,3005839,0,"MIN","NUM",1
374,3005839,0,"MAX","NUM",83
375,3005893,0,"MIN","NUM",0.1
376,3005893,0,"MAX","NUM",20
377,3005895,0,"MIN","NUM",19
378,3005895,0,"MAX","NUM",93105
379,3005897,0,"MIN","NUM",1
380,3005897,0,"MAX","NUM",500
381,3005904,0,"MAX","NUM",4.87
382,3005904,0,"MIN","NUM",4.87
383,3005927,0,"MAX","NUM",20
384,3005927,0,"MIN","NUM",20
385,3005969,0,"MIN","NUM",0.1
386,3005969,0,"MAX","NUM",0.13
387,3006013,0,"MIN","NUM",0.77
388,3006013,0,"MAX","NUM",0.77
389,3006028,0,"MAX","NUM",1075
390,3006028,0,"MIN","NUM",2
391,3006078,0,"MAX","NUM",13.7
392,3006078,0,"MIN","NUM",0.11
393,3006101,0,"MIN","NUM",0.11
394,3006101,0,"MAX","NUM",14.6
395,3006109,0,"MAX","NUM",260
396,3006109,0,"MIN","NUM",1
397,3006142,0,"MIN","NUM",8
398,3006142,0,"MAX","NUM",8
399,3006147,0,"MAX","NUM",881
400,3006147,0,"MIN","NUM",61
401,3006179,0,"MAX","NUM",5
402,3006179,0,"MIN","NUM",0
403,3006277,0,"MIN","NUM",-179
404,3006277,0,"MAX","NUM",269
405,3006302,0,"MIN","NUM",2
406,3006302,0,"MAX","NUM",950
407,3006304,0,"MAX","NUM",87.5
408,3006304,0,"MIN","NUM",0.1
409,3006315,0,"MAX","NUM",131
410,3006315,0,"MIN","NUM",0
411,3006407,0,"MIN","NUM",5
412,3006407,0,"MAX","NUM",554000
413,3006451,0,"MAX","NUM",40.2
414,3006451,0,"MIN","NUM",0.11
415,3006467,0,"MIN","NUM",11.46
416,3006467,0,"MAX","NUM",138.25
417,3006471,0,"MIN","NUM",37
418,3006471,0,"MAX","NUM",1033
419,3006473,0,"MAX","NUM",55
420,3006473,0,"MIN","NUM",0
421,3006487,0,"MIN","NUM",0.92
422,3006487,0,"MAX","NUM",20.2
423,3006504,0,"MIN","NUM",0
424,3006504,0,"MAX","NUM",245
425,3006508,0,"MIN","NUM",2.1
426,3006508,0,"MAX","NUM",535
427,3006516,0,"MAX","NUM",5
428,3006516,0,"MIN","NUM",0.2
429,3006522,0,"MAX","NUM",7.83
430,3006522,0,"MIN","NUM",0.04
431,3006573,0,"MAX","NUM",294
432,3006573,0,"MIN","NUM",0
433,3006576,0,"MIN","NUM",-30.1
434,3006576,0,"MAX","NUM",60
435,3006588,0,"MAX","NUM",6690
436,3006588,0,"MIN","NUM",5
437,3006636,0,"MIN","NUM",9
438,3006636,0,"MAX","NUM",51184
439,3006653,0,"MAX","NUM",490
440,3006653,0,"MIN","NUM",10
441,3006661,0,"MAX","NUM",87.4
442,3006661,0,"MIN","NUM",2
443,3006665,0,"MAX","NUM",46.8
444,3006665,0,"MIN","NUM",0
445,3006689,0,"MIN","NUM",0.1
446,3006689,0,"MAX","NUM",2.77
447,3006698,0,"MIN","NUM",-90
448,3006698,0,"MAX","NUM",1364
449,3006717,0,"MIN","NUM",24
450,3006717,0,"MAX","NUM",443
451,3006734,0,"MIN","NUM",0.1
452,3006734,0,"MAX","NUM",66.1
453,3006762,0,"MIN","NUM",12
454,3006762,0,"MAX","NUM",1220
455,3006775,0,"MAX","NUM",11.91
456,3006775,0,"MIN","NUM",0
457,3006828,0,"MIN","NUM",1
458,3006828,0,"MAX","NUM",51
459,3006872,0,"MAX","NUM",1010
460,3006872,0,"MIN","NUM",33
461,3006889,0,"MIN","NUM",12
462,3006889,0,"MAX","NUM",2029
463,3006898,0,"MIN","NUM",7
464,3006898,0,"MAX","NUM",41
465,3006906,0,"MAX","NUM",270
466,3006906,0,"MIN","NUM",-0.2
467,3006923,0,"MAX","NUM",13325
468,3006923,0,"MIN","NUM",-217
469,3007015,0,"MIN","NUM",0.15
470,3007015,0,"MAX","NUM",74.6
471,3007022,0,"MAX","NUM",0.06
472,3007022,0,"MIN","NUM",0.06
473,3007027,0,"MAX","NUM",5.2
474,3007027,0,"MIN","NUM",5.2
475,3007034,0,"MIN","NUM",1
476,3007034,0,"MAX","NUM",528
477,3007070,0,"MIN","NUM",0
478,3007070,0,"MAX","NUM",591
479,3007124,0,"MAX","NUM",167.8
480,3007124,0,"MIN","NUM",0
481,3007150,0,"MAX","NUM",8
482,3007150,0,"MIN","NUM",0
483,3007164,0,"MIN","NUM",0.07
484,3007164,0,"MAX","NUM",9378
485,3007220,0,"MIN","NUM",0
486,3007220,0,"MAX","NUM",575913
487,3007224,0,"MAX","NUM",1
488,3007224,0,"MIN","NUM",1
489,3007238,0,"MIN","NUM",0
490,3007238,0,"MAX","NUM",214.47
491,3007244,0,"MAX","NUM",577
492,3007244,0,"MIN","NUM",577
493,3007256,0,"MAX","NUM",675
494,3007256,0,"MIN","NUM",81
495,3007280,0,"MIN","NUM",0.34
496,3007280,0,"MAX","NUM",0.34
497,3007288,0,"MAX","NUM",12.3
498,3007288,0,"MIN","NUM",3.2
499,3007315,0,"MIN","NUM",0.1
500,3007315,0,"MAX","NUM",23.2
501,3007331,0,"MIN","NUM",9
502,3007331,0,"MAX","NUM",366
503,3007368,0,"MAX","NUM",895.5
504,3007368,0,"MIN","NUM",0.4
505,3007430,0,"MIN","NUM",10
506,3007430,0,"MAX","NUM",1786
507,3007452,0,"MAX","NUM",150
508,3007452,0,"MIN","NUM",10
509,3007456,0,"MIN","NUM",0.1
510,3007456,0,"MAX","NUM",1.83
511,3007458,0,"MIN","NUM",0
512,3007458,0,"MAX","NUM",8200
513,3007470,0,"MAX","NUM",2470
514,3007470,0,"MIN","NUM",0
515,3007480,0,"MAX","NUM",100.65
516,3007480,0,"MIN","NUM",16.94
517,3007518,0,"MIN","NUM",0.17
518,3007518,0,"MAX","NUM",12.3
519,3007542,0,"MAX","NUM",7.22
520,3007542,0,"MIN","NUM",0.12
521,3007561,0,"MAX","NUM",7.8
522,3007561,0,"MIN","NUM",0.3
523,3007662,0,"MAX","NUM",16
524,3007662,0,"MIN","NUM",8
525,3007687,0,"MIN","NUM",0
526,3007687,0,"MAX","NUM",1029
527,3007700,0,"MIN","NUM",0.2
528,3007700,0,"MAX","NUM",2.57
529,3007708,0,"MIN","NUM",0
530,3007708,0,"MAX","NUM",89
531,3007722,0,"MIN","NUM",-90
532,3007722,0,"MAX","NUM",269
533,3007733,0,"MIN","NUM",20
534,3007733,0,"MAX","NUM",225
535,3007757,0,"MIN","NUM",0.1
536,3007757,0,"MAX","NUM",53.8
537,3007785,0,"MAX","NUM",1232.6
538,3007785,0,"MIN","NUM",1
539,3007798,0,"MAX","NUM",1.89
540,3007798,0,"MIN","NUM",0.05
541,3007808,0,"MAX","NUM",438.4
542,3007808,0,"MIN","NUM",0.1
543,3007835,0,"MIN","NUM",0.8
544,3007835,0,"MAX","NUM",49295
545,3007844,0,"MIN","NUM",11.7
546,3007844,0,"MAX","NUM",20.5
547,3007854,0,"MIN","NUM",8
548,3007854,0,"MAX","NUM",2304
549,3007857,0,"MAX","NUM",637
550,3007857,0,"MIN","NUM",2
551,3007858,0,"MAX","NUM",36
552,3007858,0,"MIN","NUM",10
553,3007953,0,"MAX","NUM",783
554,3007953,0,"MIN","NUM",0
555,3007957,0,"MAX","NUM",3.02
556,3007957,0,"MIN","NUM",0.1
557,3008090,0,"MAX","NUM",11367
558,3008090,0,"MIN","NUM",9
559,3008091,0,"MAX","NUM",1255
560,3008091,0,"MIN","NUM",0.12
561,3008108,0,"MAX","NUM",77
562,3008108,0,"MIN","NUM",0
563,3008142,0,"MIN","NUM",0.1
564,3008142,0,"MAX","NUM",8.4
565,3008152,0,"MAX","NUM",327
566,3008152,0,"MIN","NUM",-21.9
567,3008251,0,"MIN","NUM",5
568,3008251,0,"MAX","NUM",5
569,3008268,0,"MAX","NUM",8
570,3008268,0,"MIN","NUM",8
571,3008269,0,"MAX","NUM",55.4
572,3008269,0,"MIN","NUM",0.8
573,3008295,0,"MAX","NUM",3320
574,3008295,0,"MIN","NUM",4
575,3008342,0,"MAX","NUM",6830
576,3008342,0,"MIN","NUM",0
577,3008364,0,"MIN","NUM",30
578,3008364,0,"MAX","NUM",270
579,3008377,0,"MIN","NUM",15
580,3008377,0,"MAX","NUM",607
581,3008429,0,"MIN","NUM",1
582,3008429,0,"MAX","NUM",11
583,3008440,0,"MIN","NUM",5.4
584,3008440,0,"MAX","NUM",142.8
585,3008496,0,"MIN","NUM",10.1
586,3008496,0,"MAX","NUM",1653.9
587,3008504,0,"MAX","NUM",18
588,3008504,0,"MIN","NUM",18
589,3008512,0,"MAX","NUM",1673
590,3008512,0,"MIN","NUM",0.1
591,3008575,0,"MIN","NUM",52
592,3008575,0,"MAX","NUM",1876
593,3008598,0,"MAX","NUM",27
594,3008598,0,"MIN","NUM",0
595,3008625,0,"MIN","NUM",4
596,3008625,0,"MAX","NUM",29596
597,3008833,0,"MAX","NUM",100
598,3008833,0,"MIN","NUM",0
599,3008839,0,"MAX","NUM",20
600,3008839,0,"MIN","NUM",0
601,3008848,0,"MAX","NUM",110
602,3008848,0,"MIN","NUM",5
603,3008869,0,"MIN","NUM",8
604,3008869,0,"MAX","NUM",8
605,3008893,0,"MAX","NUM",4820
606,3008893,0,"MIN","NUM",0.04
607,3008901,0,"MIN","NUM",0.16
608,3008901,0,"MAX","NUM",0.55
609,3008907,0,"MAX","NUM",3.68
610,3008907,0,"MIN","NUM",0
611,3008912,0,"MAX","NUM",16
612,3008912,0,"MIN","NUM",2
613,3008955,0,"MIN","NUM",0.1
614,3008955,0,"MAX","NUM",50.2
615,3009010,0,"MAX","NUM",364
616,3009010,0,"MIN","NUM",1
617,3009041,0,"MAX","NUM",162.5
618,3009041,0,"MIN","NUM",0
619,3009066,0,"MIN","NUM",0
620,3009066,0,"MAX","NUM",57627
621,3009118,0,"MAX","NUM",141
622,3009118,0,"MIN","NUM",0
623,3009172,0,"MIN","NUM",36
624,3009172,0,"MAX","NUM",1232
625,3009178,0,"MAX","NUM",328
626,3009178,0,"MIN","NUM",2
627,3009201,0,"MIN","NUM",0
628,3009201,0,"MAX","NUM",1670
629,3009208,0,"MAX","NUM",85.5
630,3009208,0,"MIN","NUM",0.1
631,3009214,0,"MIN","NUM",0.1
632,3009214,0,"MAX","NUM",200
633,3009288,0,"MIN","NUM",0
634,3009288,0,"MAX","NUM",100
635,3009306,0,"MIN","NUM",0.9
636,3009306,0,"MAX","NUM",1002
637,3009312,0,"MAX","NUM",324
638,3009312,0,"MIN","NUM",0
639,3009314,0,"MIN","NUM",2
640,3009314,0,"MAX","NUM",16
641,3009383,0,"MIN","NUM",1.2
642,3009383,0,"MAX","NUM",42.8
643,3009399,0,"MAX","NUM",9.79
644,3009399,0,"MIN","NUM",9.79
645,3009429,0,"MIN","NUM",8
646,3009429,0,"MAX","NUM",620
647,3009445,0,"MAX","NUM",1712
648,3009445,0,"MIN","NUM",0
649,3009453,0,"MAX","NUM",25
650,3009453,0,"MIN","NUM",25
651,3009471,0,"MIN","NUM",0.07
652,3009471,0,"MAX","NUM",11.52
653,3009490,0,"MIN","NUM",0
654,3009490,0,"MAX","NUM",648975
655,3009542,0,"MAX","NUM",94
656,3009542,0,"MIN","NUM",9
657,3009682,0,"MIN","NUM",0.1
658,3009682,0,"MAX","NUM",23130
659,3009710,0,"MAX","NUM",127
660,3009710,0,"MIN","NUM",11
661,3009736,0,"MIN","NUM",5.3
662,3009736,0,"MAX","NUM",56.5
663,3009744,0,"MIN","NUM",0
664,3009744,0,"MAX","NUM",3420
665,3009754,0,"MAX","NUM",12.2
666,3009754,0,"MIN","NUM",12.2
667,3009797,0,"MIN","NUM",0
668,3009797,0,"MAX","NUM",77.3
669,3009883,0,"MAX","NUM",13.9
670,3009883,0,"MIN","NUM",0.16
671,3009927,0,"MAX","NUM",8271
672,3009927,0,"MIN","NUM",10
673,3009930,0,"MAX","NUM",461
674,3009930,0,"MIN","NUM",0
675,3009932,0,"MAX","NUM",4.4
676,3009932,0,"MIN","NUM",0
677,3009966,0,"MIN","NUM",0
678,3009966,0,"MAX","NUM",2572
679,3009991,0,"MAX","NUM",47
680,3009991,0,"MIN","NUM",0.4
681,3010007,0,"MAX","NUM",1
682,3010007,0,"MIN","NUM",1
683,3010077,0,"MAX","NUM",2180
684,3010077,0,"MIN","NUM",2
685,3010084,0,"MIN","NUM",0.1
686,3010084,0,"MAX","NUM",85.8
687,3010156,0,"MAX","NUM",525.1
688,3010156,0,"MIN","NUM",0.1
689,3010277,0,"MAX","NUM",72
690,3010277,0,"MIN","NUM",0
691,3010340,0,"MAX","NUM",1450
692,3010340,0,"MIN","NUM",0.5
693,3010354,0,"MAX","NUM",59.1
694,3010354,0,"MIN","NUM",0.1
695,3010375,0,"MAX","NUM",7090
696,3010375,0,"MIN","NUM",0
697,3010391,0,"MIN","NUM",4
698,3010391,0,"MAX","NUM",3944
699,3010409,0,"MIN","NUM",0
700,3010409,0,"MAX","NUM",7750000
701,3010414,0,"MAX","NUM",53.04
702,3010414,0,"MIN","NUM",0.52
703,3010421,0,"MAX","NUM",7.8
704,3010421,0,"MIN","NUM",6.8
705,3010454,0,"MIN","NUM",0
706,3010454,0,"MAX","NUM",720
707,3010457,0,"MIN","NUM",0
708,3010457,0,"MAX","NUM",98.3
709,3010493,0,"MIN","NUM",64
710,3010493,0,"MAX","NUM",1445
711,3010528,0,"MAX","NUM",13
712,3010528,0,"MIN","NUM",0
713,3010616,0,"MIN","NUM",222
714,3010616,0,"MAX","NUM",84510
715,3010653,0,"MIN","NUM",0.1
716,3010653,0,"MAX","NUM",39
717,3010673,0,"MAX","NUM",8622
718,3010673,0,"MIN","NUM",0
719,3010737,0,"MAX","NUM",1.05
720,3010737,0,"MIN","NUM",1.05
721,3010796,0,"MAX","NUM",109
722,3010796,0,"MIN","NUM",5
723,3010833,0,"MIN","NUM",2
724,3010833,0,"MAX","NUM",71
725,3010840,0,"MIN","NUM",3
726,3010840,0,"MAX","NUM",3
727,3010846,0,"MAX","NUM",512
728,3010846,0,"MIN","NUM",0
729,3010866,0,"MIN","NUM",204
730,3010866,0,"MAX","NUM",6959
731,3010879,0,"MIN","NUM",36.2
732,3010879,0,"MAX","NUM",10054
733,3010912,0,"MIN","NUM",1
734,3010912,0,"MAX","NUM",112
735,3010921,0,"MIN","NUM",0
736,3010921,0,"MAX","NUM",13.3
737,3010955,0,"MIN","NUM",109
738,3010955,0,"MAX","NUM",90660
739,3010989,0,"MAX","NUM",28288
740,3010989,0,"MIN","NUM",0.2
741,3011048,0,"MIN","NUM",0.02
742,3011048,0,"MAX","NUM",0.36
743,3011066,0,"MAX","NUM",1382
744,3011066,0,"MIN","NUM",1
745,3011145,0,"MAX","NUM",437.5
746,3011145,0,"MIN","NUM",0
747,3011163,0,"MIN","NUM",0.1
748,3011163,0,"MAX","NUM",15.1
749,3011172,0,"MIN","NUM",0.12
750,3011172,0,"MAX","NUM",37.4
751,3011335,0,"MIN","NUM",0
752,3011335,0,"MAX","NUM",22.4
753,3011337,0,"MIN","NUM",0.4
754,3011337,0,"MAX","NUM",58180
755,3011367,0,"MIN","NUM",23
756,3011367,0,"MAX","NUM",103
757,3011424,0,"MAX","NUM",600
758,3011424,0,"MIN","NUM",4
759,3011441,0,"MIN","NUM",4
760,3011441,0,"MAX","NUM",701
761,3011492,0,"MAX","NUM",26.5
762,3011492,0,"MIN","NUM",0.1
763,3011547,0,"MIN","NUM",1
764,3011547,0,"MAX","NUM",229
765,3011587,0,"MAX","NUM",88
766,3011587,0,"MIN","NUM",0
767,3011657,0,"MAX","NUM",10532
768,3011657,0,"MIN","NUM",3
769,3011679,0,"MIN","NUM",22
770,3011679,0,"MAX","NUM",22
771,3011681,0,"MIN","NUM",0
772,3011681,0,"MAX","NUM",40
773,3011687,0,"MIN","NUM",4
774,3011687,0,"MAX","NUM",1403
775,3011705,0,"MIN","NUM",0
776,3011705,0,"MAX","NUM",22928
777,3011742,0,"MAX","NUM",8.7
778,3011742,0,"MIN","NUM",0
779,3011784,0,"MAX","NUM",4718
780,3011784,0,"MIN","NUM",0
781,3011793,0,"MAX","NUM",286
782,3011793,0,"MIN","NUM",1
783,3011846,0,"MIN","NUM",1.3
784,3011846,0,"MAX","NUM",180
785,3011897,0,"MIN","NUM",0.15
786,3011897,0,"MAX","NUM",0.15
787,3011904,0,"MIN","NUM",0
788,3011904,0,"MAX","NUM",112
789,3011912,0,"MAX","NUM",0.9
790,3011912,0,"MIN","NUM",0.5
791,3011948,0,"MAX","NUM",98.7
792,3011948,0,"MIN","NUM",0
793,3011951,0,"MIN","NUM",0.1
794,3011951,0,"MAX","NUM",52.1
795,3011958,0,"MIN","NUM",0
796,3011958,0,"MAX","NUM",3890
797,3011960,0,"MAX","NUM",35000
798,3011960,0,"MIN","NUM",0
799,3011965,0,"MIN","NUM",0.1
800,3011965,0,"MAX","NUM",2250
801,3011978,0,"MAX","NUM",49.3
802,3011978,0,"MIN","NUM",3.1
803,3011996,0,"MAX","NUM",4150000
804,3011996,0,"MIN","NUM",1
805,3012010,0,"MIN","NUM",128
806,3012010,0,"MAX","NUM",14030
807,3012030,0,"MAX","NUM",2982.6
808,3012030,0,"MIN","NUM",0
809,3012060,0,"MIN","NUM",6
810,3012060,0,"MAX","NUM",6
811,3012095,0,"MIN","NUM",1.2
812,3012095,0,"MAX","NUM",3.5
813,3012110,0,"MIN","NUM",0.71
814,3012110,0,"MAX","NUM",3.26
815,3012113,0,"MAX","NUM",15
816,3012113,0,"MIN","NUM",15
817,3012133,0,"MAX","NUM",1329900
818,3012133,0,"MIN","NUM",-7
819,3012151,0,"MIN","NUM",0.01
820,3012151,0,"MAX","NUM",0.01
821,3012157,0,"MIN","NUM",6
822,3012157,0,"MAX","NUM",2210
823,3012180,0,"MIN","NUM",0.2
824,3012180,0,"MAX","NUM",0.2
825,3012262,0,"MAX","NUM",10.9
826,3012262,0,"MIN","NUM",0.1
827,3012328,0,"MAX","NUM",1
828,3012328,0,"MIN","NUM",1
829,3012336,0,"MAX","NUM",929
830,3012336,0,"MIN","NUM",0
831,3012386,0,"MAX","NUM",2.62
832,3012386,0,"MIN","NUM",0
833,3012481,0,"MAX","NUM",62
834,3012481,0,"MIN","NUM",3
835,3012494,0,"MAX","NUM",40.9
836,3012494,0,"MIN","NUM",0.1
837,3012501,0,"MIN","NUM",-26.7
838,3012501,0,"MAX","NUM",154
839,3012544,0,"MAX","NUM",61
840,3012544,0,"MIN","NUM",0
841,3012602,0,"MAX","NUM",155
842,3012602,0,"MIN","NUM",0.1
843,3012665,0,"MAX","NUM",9050
844,3012665,0,"MIN","NUM",10
845,3012683,0,"MIN","NUM",6
846,3012683,0,"MAX","NUM",32
847,3012800,0,"MIN","NUM",0
848,3012800,0,"MAX","NUM",160
849,3012870,0,"MAX","NUM",55
850,3012870,0,"MIN","NUM",6
851,3012917,0,"MIN","NUM",0
852,3012917,0,"MAX","NUM",32.83
853,3012920,0,"MAX","NUM",672
854,3012920,0,"MIN","NUM",0
855,3012932,0,"MIN","NUM",0.11
856,3012932,0,"MAX","NUM",19.8
857,3012984,0,"MAX","NUM",331
858,3012984,0,"MIN","NUM",265
859,3012988,0,"MIN","NUM",0.44
860,3012988,0,"MAX","NUM",12.24
861,3013080,0,"MIN","NUM",2.2
862,3013080,0,"MAX","NUM",60.9
863,3013101,0,"MAX","NUM",42.3
864,3013101,0,"MIN","NUM",0.1
865,3013179,0,"MIN","NUM",23.2
866,3013179,0,"MAX","NUM",38.5
867,3013201,0,"MAX","NUM",153
868,3013201,0,"MIN","NUM",0.5
869,3013226,0,"MAX","NUM",28.6
870,3013226,0,"MIN","NUM",0.1
871,3013260,0,"MIN","NUM",0
872,3013260,0,"MAX","NUM",547
873,3013267,0,"MAX","NUM",262.68
874,3013267,0,"MIN","NUM",0
875,3013273,0,"MIN","NUM",10
876,3013273,0,"MAX","NUM",1602
877,3013281,0,"MIN","NUM",0
878,3013281,0,"MAX","NUM",402.4
879,3013290,0,"MAX","NUM",70
880,3013290,0,"MIN","NUM",24
881,3013412,0,"MIN","NUM",0.9
882,3013412,0,"MAX","NUM",48.1
883,3013429,0,"MAX","NUM",374
884,3013429,0,"MIN","NUM",0
885,3013431,0,"MIN","NUM",2.8
886,3013431,0,"MAX","NUM",571
887,3013432,0,"MIN","NUM",0
888,3013432,0,"MAX","NUM",100
889,3013490,0,"MIN","NUM",4
890,3013490,0,"MAX","NUM",11033
891,3013502,0,"MAX","NUM",100100
892,3013502,0,"MIN","NUM",-99
893,3013520,0,"MIN","NUM",4
894,3013520,0,"MAX","NUM",9588
895,3013530,0,"MIN","NUM",12.1
896,3013530,0,"MAX","NUM",70.6
897,3013588,0,"MIN","NUM",0
898,3013588,0,"MAX","NUM",90
899,3013603,0,"MAX","NUM",7392.5
900,3013603,0,"MIN","NUM",0
901,3013614,0,"MIN","NUM",9
902,3013614,0,"MAX","NUM",77
903,3013650,0,"MIN","NUM",0
904,3013650,0,"MAX","NUM",12282
905,3013682,0,"MAX","NUM",9481
906,3013682,0,"MIN","NUM",0
907,3013707,0,"MAX","NUM",66654
908,3013707,0,"MIN","NUM",-6
909,3013721,0,"MAX","NUM",26327
910,3013721,0,"MIN","NUM",-67
911,3013731,0,"MIN","NUM",0
912,3013731,0,"MAX","NUM",1000
913,3013742,0,"MAX","NUM",209
914,3013742,0,"MIN","NUM",2.3
915,3013751,0,"MIN","NUM",103
916,3013751,0,"MAX","NUM",2220
917,3013766,0,"MIN","NUM",0.13
918,3013766,0,"MAX","NUM",0.31
919,3013820,0,"MAX","NUM",16000
920,3013820,0,"MIN","NUM",68
921,3013836,0,"MIN","NUM",0.11
922,3013836,0,"MAX","NUM",21.8
923,3013861,0,"MAX","NUM",191
924,3013861,0,"MIN","NUM",0
925,3013869,0,"MAX","NUM",97.9
926,3013869,0,"MIN","NUM",0
927,3013888,0,"MIN","NUM",41
928,3013888,0,"MAX","NUM",317
929,3013906,0,"MIN","NUM",0
930,3013906,0,"MAX","NUM",6840000
931,3014009,0,"MIN","NUM",19
932,3014009,0,"MAX","NUM",14924
933,3014033,0,"MAX","NUM",15.8
934,3014033,0,"MIN","NUM",0.12
935,3014035,0,"MAX","NUM",12
936,3014035,0,"MIN","NUM",12
937,3014037,0,"MIN","NUM",0
938,3014037,0,"MAX","NUM",96
939,3014111,0,"MIN","NUM",0.1
940,3014111,0,"MAX","NUM",5436
941,3014126,0,"MAX","NUM",21.1
942,3014126,0,"MIN","NUM",0.1
943,3014133,0,"MIN","NUM",0.1
944,3014133,0,"MAX","NUM",98
945,3014173,0,"MAX","NUM",470
946,3014173,0,"MIN","NUM",3
947,3014197,0,"MAX","NUM",0.5
948,3014197,0,"MIN","NUM",0.5
949,3014300,0,"MAX","NUM",193.4
950,3014300,0,"MIN","NUM",0
951,3014324,0,"MIN","NUM",0.7
952,3014324,0,"MAX","NUM",1138
953,3014354,0,"MIN","NUM",1.2
954,3014354,0,"MAX","NUM",6.5
955,3014372,0,"MIN","NUM",0.12
956,3014372,0,"MAX","NUM",49.8
957,3014399,0,"MAX","NUM",617
958,3014399,0,"MIN","NUM",4
959,3014404,0,"MAX","NUM",9800
960,3014404,0,"MIN","NUM",2
961,3014421,0,"MAX","NUM",103
962,3014421,0,"MIN","NUM",0
963,3014485,0,"MIN","NUM",16
964,3014485,0,"MAX","NUM",232
965,3014512,0,"MIN","NUM",0
966,3014512,0,"MAX","NUM",60
967,3014519,0,"MIN","NUM",0.1
968,3014519,0,"MAX","NUM",26.4
969,3014564,0,"MIN","NUM",0.9
970,3014564,0,"MAX","NUM",10016.4
971,3014569,0,"MAX","NUM",8
972,3014569,0,"MIN","NUM",1
973,3014576,0,"MAX","NUM",1050
974,3014576,0,"MIN","NUM",0
975,3014599,0,"MAX","NUM",14.8
976,3014599,0,"MIN","NUM",0.1
977,3014635,0,"MAX","NUM",28
978,3014635,0,"MIN","NUM",0
979,3014716,0,"MIN","NUM",1.65
980,3014716,0,"MAX","NUM",390
981,3014727,0,"MAX","NUM",98.1
982,3014727,0,"MIN","NUM",0.4
983,3014772,0,"MIN","NUM",0.5
984,3014772,0,"MAX","NUM",85
985,3014803,0,"MAX","NUM",0.15
986,3014803,0,"MIN","NUM",0.03
987,3014816,0,"MAX","NUM",8
988,3014816,0,"MIN","NUM",8
989,3014829,0,"MAX","NUM",5.63
990,3014829,0,"MIN","NUM",0.11
991,3014955,0,"MIN","NUM",120
992,3014955,0,"MAX","NUM",274
993,3014959,0,"MAX","NUM",123
994,3014959,0,"MIN","NUM",2
995,3015023,0,"MAX","NUM",1070
996,3015023,0,"MIN","NUM",0
997,3015049,0,"MIN","NUM",161
998,3015049,0,"MAX","NUM",2221
999,3015076,0,"MIN","NUM",0.1
1000,3015076,0,"MAX","NUM",28.6
1001,3015123,0,"MIN","NUM",0.13
1002,3015123,0,"MAX","NUM",2.77
1003,3015126,0,"MIN","NUM",0
1004,3015126,0,"MAX","NUM",196
1005,3015142,0,"MIN","NUM",0.13
1006,3015142,0,"MAX","NUM",14.3
1007,3015147,0,"MAX","NUM",7.26
1008,3015147,0,"MIN","NUM",0.04
1009,3015182,0,"MAX","NUM",202
1010,3015182,0,"MIN","NUM",0
1011,3015183,0,"MAX","NUM",103
1012,3015183,0,"MIN","NUM",8
1013,3015196,0,"MIN","NUM",1.1
1014,3015196,0,"MAX","NUM",138.3
1015,3015198,0,"MIN","NUM",4
1016,3015198,0,"MAX","NUM",8.5
1017,3015218,0,"MIN","NUM",3
1018,3015218,0,"MAX","NUM",268
1019,3015222,0,"MIN","NUM",0.3
1020,3015222,0,"MAX","NUM",1243
1021,3015232,0,"MIN","NUM",0
1022,3015232,0,"MAX","NUM",370
1023,3015290,0,"MAX","NUM",221.3
1024,3015290,0,"MIN","NUM",0
1025,3015322,0,"MIN","NUM",0
1026,3015322,0,"MAX","NUM",7.2
1027,3015330,0,"MIN","NUM",1.2
1028,3015330,0,"MAX","NUM",31.7
1029,3015375,0,"MAX","NUM",2.4
1030,3015375,0,"MIN","NUM",0.3
1031,3015546,0,"MAX","NUM",192
1032,3015546,0,"MIN","NUM",1
1033,3015597,0,"MIN","NUM",51
1034,3015597,0,"MAX","NUM",1332.9
1035,3015608,0,"MIN","NUM",111
1036,3015608,0,"MAX","NUM",1514
1037,3015632,0,"MAX","NUM",543
1038,3015632,0,"MIN","NUM",-3.7
1039,3015688,0,"MAX","NUM",491
1040,3015688,0,"MIN","NUM",6
1041,3015731,0,"MAX","NUM",58.9
1042,3015731,0,"MIN","NUM",0.1
1043,3015736,0,"MAX","NUM",8
1044,3015736,0,"MIN","NUM",5
1045,3015746,0,"MAX","NUM",49001
1046,3015746,0,"MIN","NUM",-10
1047,3015813,0,"MAX","NUM",107
1048,3015813,0,"MIN","NUM",0
1049,3015862,0,"MIN","NUM",21
1050,3015862,0,"MAX","NUM",21
1051,3015884,0,"MIN","NUM",0.9
1052,3015884,0,"MAX","NUM",1711
1053,3015956,0,"MAX","NUM",84.3
1054,3015956,0,"MIN","NUM",0
1055,3016019,0,"MIN","NUM",2.25
1056,3016019,0,"MAX","NUM",2.25
1057,3016031,0,"MAX","NUM",16.4
1058,3016031,0,"MIN","NUM",0.1
1059,3016038,0,"MAX","NUM",244
1060,3016038,0,"MIN","NUM",1.8
1061,3016049,0,"MIN","NUM",0
1062,3016049,0,"MAX","NUM",3230
1063,3016072,0,"MAX","NUM",147.3
1064,3016072,0,"MIN","NUM",0.1
1065,3016087,0,"MAX","NUM",29
1066,3016087,0,"MIN","NUM",1.3
1067,3016115,0,"MIN","NUM",13
1068,3016115,0,"MAX","NUM",1094
1069,3016135,0,"MAX","NUM",684
1070,3016135,0,"MIN","NUM",0.7
1071,3016201,0,"MAX","NUM",714
1072,3016201,0,"MIN","NUM",0
1073,3016228,0,"MAX","NUM",92
1074,3016228,0,"MIN","NUM",11
1075,3016244,0,"MIN","NUM",0.2
1076,3016244,0,"MAX","NUM",2417
1077,3016273,0,"MAX","NUM",49.7
1078,3016273,0,"MIN","NUM",0.8
1079,3016278,0,"MAX","NUM",379
1080,3016278,0,"MIN","NUM",0
1081,3016305,0,"MIN","NUM",8
1082,3016305,0,"MAX","NUM",8
1083,3016311,0,"MIN","NUM",0
1084,3016311,0,"MAX","NUM",25018
1085,3016330,0,"MIN","NUM",2
1086,3016330,0,"MAX","NUM",329
1087,3016407,0,"MIN","NUM",1
1088,3016407,0,"MAX","NUM",1500
1089,3016413,0,"MAX","NUM",2.96
1090,3016413,0,"MIN","NUM",0
1091,3016417,0,"MIN","NUM",11
1092,3016417,0,"MAX","NUM",977
1093,3016426,0,"MAX","NUM",1375
1094,3016426,0,"MIN","NUM",0.1
1095,3016450,0,"MAX","NUM",198
1096,3016450,0,"MIN","NUM",0
1097,3016459,0,"MIN","NUM",9.31
1098,3016459,0,"MAX","NUM",9.31
1099,3016520,0,"MIN","NUM",0
1100,3016520,0,"MAX","NUM",18.2
1101,3016589,0,"MIN","NUM",0.98
1102,3016589,0,"MAX","NUM",7875
1103,3016604,0,"MIN","NUM",1
1104,3016604,0,"MAX","NUM",75482
1105,3016636,0,"MIN","NUM",0
1106,3016636,0,"MAX","NUM",3.34
1107,3016662,0,"MAX","NUM",289.2
1108,3016662,0,"MIN","NUM",-0.3
1109,3016723,0,"MAX","NUM",36.44
1110,3016723,0,"MIN","NUM",0.2
1111,3016724,0,"MIN","NUM",1.4
1112,3016724,0,"MAX","NUM",639
1113,3016750,0,"MIN","NUM",0
1114,3016750,0,"MAX","NUM",14270
1115,3016771,0,"MAX","NUM",10291
1116,3016771,0,"MIN","NUM",2
1117,3016774,0,"MIN","NUM",1
1118,3016774,0,"MAX","NUM",16
1119,3016811,0,"MAX","NUM",59.26
1120,3016811,0,"MIN","NUM",0
1121,3016812,0,"MIN","NUM",0.3
1122,3016812,0,"MAX","NUM",26.9
1123,3016891,0,"MAX","NUM",816
1124,3016891,0,"MIN","NUM",5
1125,3016893,0,"MAX","NUM",4
1126,3016893,0,"MIN","NUM",0.06
1127,3016909,0,"MIN","NUM",5
1128,3016909,0,"MAX","NUM",5
1129,3016939,0,"MIN","NUM",0.2
1130,3016939,0,"MAX","NUM",4684.4
1131,3016991,0,"MAX","NUM",27.2
1132,3016991,0,"MIN","NUM",0.5
1133,3016997,0,"MIN","NUM",0.23
1134,3016997,0,"MAX","NUM",1.48
1135,3016999,0,"MAX","NUM",380
1136,3016999,0,"MIN","NUM",1
1137,3017003,0,"MIN","NUM",0
1138,3017003,0,"MAX","NUM",0
1139,3017018,0,"MIN","NUM",1
1140,3017018,0,"MAX","NUM",4012
1141,3017044,0,"MAX","NUM",51
1142,3017044,0,"MIN","NUM",0.96
1143,3017085,0,"MAX","NUM",1464
1144,3017085,0,"MIN","NUM",3
1145,3017115,0,"MAX","NUM",1346.01
1146,3017115,0,"MIN","NUM",0.01
1147,3017175,0,"MIN","NUM",3.8
1148,3017175,0,"MAX","NUM",12.9
1149,3017249,0,"MIN","NUM",20
1150,3017249,0,"MAX","NUM",695
1151,3017250,0,"MIN","NUM",0
1152,3017250,0,"MAX","NUM",1435032
1153,3017264,0,"MAX","NUM",186
1154,3017264,0,"MIN","NUM",1
1155,3017315,0,"MIN","NUM",13
1156,3017315,0,"MAX","NUM",82244
1157,3017330,0,"MIN","NUM",5
1158,3017330,0,"MAX","NUM",1653
1159,3017382,0,"MAX","NUM",6.5
1160,3017382,0,"MIN","NUM",0.1
1161,3017394,0,"MIN","NUM",0
1162,3017394,0,"MAX","NUM",608
1163,3017415,0,"MAX","NUM",3.08
1164,3017415,0,"MIN","NUM",0.12
1165,3017457,0,"MAX","NUM",2085
1166,3017457,0,"MIN","NUM",0
1167,3017497,0,"MAX","NUM",1.16
1168,3017497,0,"MIN","NUM",0.13
1169,3017501,0,"MIN","NUM",0
1170,3017501,0,"MAX","NUM",468.8
1171,3017559,0,"MIN","NUM",0
1172,3017559,0,"MAX","NUM",5.5
1173,3017595,0,"MAX","NUM",23
1174,3017595,0,"MIN","NUM",23
1175,3017597,0,"MAX","NUM",801
1176,3017597,0,"MIN","NUM",2
1177,3017730,0,"MAX","NUM",822
1178,3017730,0,"MIN","NUM",-4
1179,3017732,0,"MAX","NUM",4182
1180,3017732,0,"MIN","NUM",0
1181,3017766,0,"MIN","NUM",2
1182,3017766,0,"MAX","NUM",125
1183,3017797,0,"MIN","NUM",0
1184,3017797,0,"MAX","NUM",38403
1185,3017872,0,"MIN","NUM",12
1186,3017872,0,"MAX","NUM",84.6
1187,3017886,0,"MIN","NUM",0
1188,3017886,0,"MAX","NUM",23.78
1189,3017894,0,"MIN","NUM",0.15
1190,3017894,0,"MAX","NUM",0.83
1191,3017916,0,"MIN","NUM",0
1192,3017916,0,"MAX","NUM",1510
1193,3017958,0,"MAX","NUM",7.71
1194,3017958,0,"MIN","NUM",0.16
1195,3018001,0,"MAX","NUM",8.57
1196,3018001,0,"MIN","NUM",0.11
1197,3018010,0,"MAX","NUM",96
1198,3018010,0,"MIN","NUM",0
1199,3018081,0,"MAX","NUM",75118
1200,3018081,0,"MIN","NUM",7
1201,3018088,0,"MAX","NUM",2
1202,3018088,0,"MIN","NUM",0.5
1203,3018143,0,"MAX","NUM",736
1204,3018143,0,"MIN","NUM",2.8
1205,3018173,0,"MIN","NUM",0
1206,3018173,0,"MAX","NUM",544
1207,3018212,0,"MAX","NUM",224
1208,3018212,0,"MIN","NUM",0
1209,3018229,0,"MAX","NUM",502
1210,3018229,0,"MIN","NUM",0
1211,3018335,0,"MIN","NUM",1
1212,3018335,0,"MAX","NUM",4823.1
1213,3018352,0,"MAX","NUM",69.7
1214,3018352,0,"MIN","NUM",0.1
1215,3018478,0,"MAX","NUM",8160
1216,3018478,0,"MIN","NUM",57
1217,3018487,0,"MAX","NUM",24.1
1218,3018487,0,"MIN","NUM",0.41
1219,3018572,0,"MAX","NUM",158
1220,3018572,0,"MIN","NUM",0
1221,3018577,0,"MIN","NUM",5.89
1222,3018577,0,"MAX","NUM",5.89
1223,3018595,0,"MAX","NUM",2174
1224,3018595,0,"MIN","NUM",1
1225,3018601,0,"MIN","NUM",14
1226,3018601,0,"MAX","NUM",1286
1227,3018658,0,"MAX","NUM",169.6
1228,3018658,0,"MIN","NUM",0
1229,3018669,0,"MIN","NUM",0.25
1230,3018669,0,"MAX","NUM",0.25
1231,3018672,0,"MIN","NUM",1
1232,3018672,0,"MAX","NUM",9.1
1233,3018677,0,"MIN","NUM",0
1234,3018677,0,"MAX","NUM",16932
1235,3018686,0,"MAX","NUM",278
1236,3018686,0,"MIN","NUM",24
1237,3018738,0,"MIN","NUM",0
1238,3018738,0,"MAX","NUM",85.3
1239,3018747,0,"MAX","NUM",113.7
1240,3018747,0,"MIN","NUM",0.05
1241,3018765,0,"MAX","NUM",31
1242,3018765,0,"MIN","NUM",0.1
1243,3018834,0,"MIN","NUM",-0.1
1244,3018834,0,"MAX","NUM",3.7
1245,3018849,0,"MAX","NUM",37.7
1246,3018849,0,"MIN","NUM",0.11
1247,3018910,0,"MAX","NUM",4749.7
1248,3018910,0,"MIN","NUM",1.4
1249,3018948,0,"MAX","NUM",506
1250,3018948,0,"MIN","NUM",0
1251,3019084,0,"MAX","NUM",37.7
1252,3019084,0,"MIN","NUM",0.1
1253,3019118,0,"MIN","NUM",51
1254,3019118,0,"MAX","NUM",67
1255,3019198,0,"MIN","NUM",0
1256,3019198,0,"MAX","NUM",353
1257,3019210,0,"MIN","NUM",5
1258,3019210,0,"MAX","NUM",2051
1259,3019250,0,"MAX","NUM",752
1260,3019250,0,"MIN","NUM",1
1261,3019398,0,"MIN","NUM",0
1262,3019398,0,"MAX","NUM",1
1263,3019406,0,"MIN","NUM",0.18
1264,3019406,0,"MAX","NUM",0.18
1265,3019420,0,"MIN","NUM",2
1266,3019420,0,"MAX","NUM",485
1267,3019434,0,"MAX","NUM",31
1268,3019434,0,"MIN","NUM",0
1269,3019466,0,"MAX","NUM",120
1270,3019466,0,"MIN","NUM",0
1271,3019473,0,"MAX","NUM",9999999
1272,3019473,0,"MIN","NUM",0
1273,3019515,0,"MIN","NUM",10
1274,3019515,0,"MAX","NUM",177
1275,3019531,0,"MIN","NUM",0
1276,3019531,0,"MAX","NUM",175
1277,3019550,0,"MAX","NUM",842
1278,3019550,0,"MIN","NUM",0
1279,3019557,0,"MAX","NUM",92
1280,3019557,0,"MIN","NUM",2
1281,3019623,0,"MIN","NUM",1.1
1282,3019623,0,"MAX","NUM",25
1283,3019641,0,"MAX","NUM",414
1284,3019641,0,"MIN","NUM",0.3
1285,3019652,0,"MAX","NUM",273
1286,3019652,0,"MIN","NUM",18
1287,3019676,0,"MIN","NUM",-0.4
1288,3019676,0,"MAX","NUM",269
1289,3019677,0,"MAX","NUM",278
1290,3019677,0,"MIN","NUM",2
1291,3019736,0,"MAX","NUM",7.1
1292,3019736,0,"MIN","NUM",0.19
1293,3019738,0,"MAX","NUM",34
1294,3019738,0,"MIN","NUM",2
1295,3019742,0,"MIN","NUM",0.11
1296,3019742,0,"MAX","NUM",1.01
1297,3019800,0,"MAX","NUM",115.9
1298,3019800,0,"MIN","NUM",0.01
1299,3019805,0,"MIN","NUM",0.4
1300,3019805,0,"MAX","NUM",12.21
1301,3019839,0,"MAX","NUM",1112
1302,3019839,0,"MIN","NUM",113
1303,3019885,0,"MAX","NUM",6.9
1304,3019885,0,"MIN","NUM",0.1
1305,3019897,0,"MIN","NUM",8.6
1306,3019897,0,"MAX","NUM",69.5
1307,3019930,0,"MAX","NUM",482
1308,3019930,0,"MIN","NUM",5
1309,3019947,0,"MIN","NUM",0
1310,3019947,0,"MAX","NUM",412
1311,3019965,0,"MIN","NUM",3
1312,3019965,0,"MAX","NUM",41749
1313,3019977,0,"MAX","NUM",740
1314,3019977,0,"MIN","NUM",0
1315,3019994,0,"MIN","NUM",0.1
1316,3019994,0,"MAX","NUM",81.6
1317,3020022,0,"MAX","NUM",0.9
1318,3020022,0,"MIN","NUM",-0.1
1319,3020027,0,"MAX","NUM",142
1320,3020027,0,"MIN","NUM",0.9
1321,3020149,0,"MAX","NUM",637
1322,3020149,0,"MIN","NUM",1
1323,3020175,0,"MIN","NUM",0
1324,3020175,0,"MAX","NUM",142.93
1325,3020180,0,"MIN","NUM",0
1326,3020180,0,"MAX","NUM",50
1327,3020207,0,"MIN","NUM",1.9
1328,3020207,0,"MAX","NUM",362.3
1329,3020222,0,"MIN","NUM",0
1330,3020222,0,"MAX","NUM",32.95
1331,3020384,0,"MIN","NUM",0.08
1332,3020384,0,"MAX","NUM",22.2
1333,3020399,0,"MAX","NUM",644
1334,3020399,0,"MIN","NUM",1
1335,3020416,0,"MAX","NUM",7507500
1336,3020416,0,"MIN","NUM",0
1337,3020420,0,"MIN","NUM",7
1338,3020420,0,"MAX","NUM",7
1339,3020428,0,"MIN","NUM",2
1340,3020428,0,"MAX","NUM",100
1341,3020451,0,"MIN","NUM",86
1342,3020451,0,"MAX","NUM",55850
1343,3020453,0,"MIN","NUM",4
1344,3020453,0,"MAX","NUM",18270
1345,3020460,0,"MIN","NUM",0
1346,3020460,0,"MAX","NUM",1370
1347,3020475,0,"MIN","NUM",0
1348,3020475,0,"MAX","NUM",1739
1349,3020545,0,"MAX","NUM",725
1350,3020545,0,"MIN","NUM",2
1351,3020602,0,"MAX","NUM",18
1352,3020602,0,"MIN","NUM",0
1353,3020607,0,"MAX","NUM",3.8
1354,3020607,0,"MIN","NUM",0.1
1355,3020622,0,"MIN","NUM",0.1
1356,3020622,0,"MAX","NUM",0.46
1357,3020629,0,"MAX","NUM",150
1358,3020629,0,"MIN","NUM",13
1359,3020630,0,"MAX","NUM",19.8
1360,3020630,0,"MIN","NUM",0
1361,3020655,0,"MIN","NUM",0.1
1362,3020655,0,"MAX","NUM",22.3
1363,3020666,0,"MAX","NUM",199.8
1364,3020666,0,"MIN","NUM",2.9
1365,3020752,0,"MAX","NUM",4.16
1366,3020752,0,"MIN","NUM",0.13
1367,3020784,0,"MIN","NUM",1
1368,3020784,0,"MAX","NUM",11.1
1369,3020891,0,"MAX","NUM",543764.44
1370,3020891,0,"MIN","NUM",-72.83
1371,3020923,0,"MIN","NUM",3.8
1372,3020923,0,"MAX","NUM",58.6
1373,3020924,0,"MAX","NUM",64
1374,3020924,0,"MIN","NUM",6.6
1375,3020934,0,"MAX","NUM",29.3
1376,3020934,0,"MIN","NUM",0.14
1377,3021044,0,"MIN","NUM",0
1378,3021044,0,"MAX","NUM",1740
1379,3021226,0,"MAX","NUM",81.9
1380,3021226,0,"MIN","NUM",0.11
1381,3021236,0,"MIN","NUM",3
1382,3021236,0,"MAX","NUM",6073
1383,3021237,0,"MAX","NUM",28
1384,3021237,0,"MIN","NUM",3.2
1385,3021331,0,"MIN","NUM",0.06
1386,3021331,0,"MAX","NUM",0.13
1387,3021337,0,"MAX","NUM",2624.6
1388,3021337,0,"MIN","NUM",0
1389,3021374,0,"MAX","NUM",65.2
1390,3021374,0,"MIN","NUM",0
1391,3021421,0,"MAX","NUM",147
1392,3021421,0,"MIN","NUM",-30.8
1393,3021425,0,"MAX","NUM",99
1394,3021425,0,"MIN","NUM",0
1395,3021447,0,"MAX","NUM",547
1396,3021447,0,"MIN","NUM",0
1397,3021457,0,"MAX","NUM",12.92
1398,3021457,0,"MIN","NUM",0.01
1399,3021526,0,"MAX","NUM",3.27
1400,3021526,0,"MIN","NUM",0
1401,3021534,0,"MIN","NUM",0.8
1402,3021534,0,"MAX","NUM",21.5
1403,3021600,0,"MAX","NUM",257
1404,3021600,0,"MIN","NUM",0
1405,3021614,0,"MIN","NUM",0
1406,3021614,0,"MAX","NUM",18173
1407,3021650,0,"MIN","NUM",0.3
1408,3021650,0,"MAX","NUM",336
1409,3021661,0,"MAX","NUM",0.14
1410,3021661,0,"MIN","NUM",0.14
1411,3021664,0,"MAX","NUM",3.44
1412,3021664,0,"MIN","NUM",0.11
1413,3021717,0,"MIN","NUM",1.3
1414,3021717,0,"MAX","NUM",56
1415,3021835,0,"MAX","NUM",1062
1416,3021835,0,"MIN","NUM",0.01
1417,3021847,0,"MAX","NUM",14544
1418,3021847,0,"MIN","NUM",3
1419,3021871,0,"MIN","NUM",0
1420,3021871,0,"MAX","NUM",333
1421,3021889,0,"MIN","NUM",0.15
1422,3021889,0,"MAX","NUM",4.16
1423,3021952,0,"MAX","NUM",0
1424,3021952,0,"MIN","NUM",0
1425,3021973,0,"MIN","NUM",13
1426,3021973,0,"MAX","NUM",30
1427,3021997,0,"MIN","NUM",0
1428,3021997,0,"MAX","NUM",4241
1429,3022000,0,"MAX","NUM",1105
1430,3022000,0,"MIN","NUM",0.05
1431,3022022,0,"MAX","NUM",1230
1432,3022022,0,"MIN","NUM",0
1433,3022192,0,"MAX","NUM",19120
1434,3022192,0,"MIN","NUM",-97
1435,3022217,0,"MAX","NUM",210
1436,3022217,0,"MIN","NUM",0
1437,3022231,0,"MAX","NUM",92
1438,3022231,0,"MIN","NUM",0
1439,3022250,0,"MAX","NUM",6193
1440,3022250,0,"MIN","NUM",144
1441,3022260,0,"MAX","NUM",96.8
1442,3022260,0,"MIN","NUM",0.1
1443,3022270,0,"MAX","NUM",0.25
1444,3022270,0,"MIN","NUM",0.13
1445,3022338,0,"MIN","NUM",0.06
1446,3022338,0,"MAX","NUM",93
1447,3022343,0,"MAX","NUM",100
1448,3022343,0,"MIN","NUM",0
1449,3022359,0,"MAX","NUM",1
1450,3022359,0,"MIN","NUM",0
1451,3022361,0,"MAX","NUM",354.6
1452,3022361,0,"MIN","NUM",0
1453,3022368,0,"MAX","NUM",90
1454,3022368,0,"MIN","NUM",0
1455,3022374,0,"MAX","NUM",1.63
1456,3022374,0,"MIN","NUM",0.66
1457,3022407,0,"MIN","NUM",0
1458,3022407,0,"MAX","NUM",436
1459,3022417,0,"MAX","NUM",94211
1460,3022417,0,"MIN","NUM",0
1461,3022493,0,"MIN","NUM",30
1462,3022493,0,"MAX","NUM",1500
1463,3022548,0,"MIN","NUM",0
1464,3022548,0,"MAX","NUM",3575
1465,3022610,0,"MAX","NUM",10200
1466,3022610,0,"MIN","NUM",87.5
1467,3022616,0,"MIN","NUM",0.5
1468,3022616,0,"MAX","NUM",198.8
1469,3022618,0,"MIN","NUM",0
1470,3022618,0,"MAX","NUM",382.5
1471,3022621,0,"MIN","NUM",0
1472,3022621,0,"MAX","NUM",631
1473,3022675,0,"MIN","NUM",0.1
1474,3022675,0,"MAX","NUM",85
1475,3022695,0,"MIN","NUM",3
1476,3022695,0,"MAX","NUM",128
1477,3022756,0,"MIN","NUM",2
1478,3022756,0,"MAX","NUM",132
1479,3022785,0,"MIN","NUM",0.1
1480,3022785,0,"MAX","NUM",87.6
1481,3022810,0,"MIN","NUM",55
1482,3022810,0,"MAX","NUM",161
1483,3022813,0,"MAX","NUM",12445
1484,3022813,0,"MIN","NUM",3
1485,3022914,0,"MAX","NUM",1215939
1486,3022914,0,"MIN","NUM",1
1487,3022959,0,"MIN","NUM",0.17
1488,3022959,0,"MAX","NUM",0.54
1489,3023006,0,"MIN","NUM",0.12
1490,3023006,0,"MAX","NUM",28.6
1491,3023028,0,"MIN","NUM",0
1492,3023028,0,"MAX","NUM",529
1493,3023081,0,"MIN","NUM",-0.4
1494,3023081,0,"MAX","NUM",39.8
1495,3023091,0,"MAX","NUM",2640
1496,3023091,0,"MIN","NUM",2.5
1497,3023101,0,"MIN","NUM",0
1498,3023101,0,"MAX","NUM",23.45
1499,3023103,0,"MIN","NUM",-0.1
1500,3023103,0,"MAX","NUM",143
1501,3023150,0,"MAX","NUM",500
1502,3023150,0,"MIN","NUM",0
1503,3023194,0,"MAX","NUM",130
1504,3023194,0,"MIN","NUM",2
1505,3023235,0,"MIN","NUM",0.12
1506,3023235,0,"MAX","NUM",6.7
1507,3023261,0,"MAX","NUM",64.2
1508,3023261,0,"MIN","NUM",0.6
1509,3023289,0,"MAX","NUM",0.48
1510,3023289,0,"MIN","NUM",0.48
1511,3023307,0,"MIN","NUM",-1
1512,3023307,0,"MAX","NUM",26
1513,3023314,0,"MIN","NUM",0
1514,3023314,0,"MAX","NUM",386
1515,3023323,0,"MAX","NUM",361.1
1516,3023323,0,"MIN","NUM",0
1517,3023351,0,"MAX","NUM",83
1518,3023351,0,"MIN","NUM",0.1
1519,3023420,0,"MAX","NUM",285
1520,3023420,0,"MIN","NUM",0
1521,3023430,0,"MAX","NUM",95.1
1522,3023430,0,"MIN","NUM",0.1
1523,3023436,0,"MIN","NUM",109
1524,3023436,0,"MAX","NUM",1180
1525,3023465,0,"MIN","NUM",0
1526,3023465,0,"MAX","NUM",10.6
1527,3023479,0,"MAX","NUM",158
1528,3023479,0,"MIN","NUM",123
1529,3023505,0,"MIN","NUM",1.2
1530,3023505,0,"MAX","NUM",32.9
1531,3023520,0,"MAX","NUM",508
1532,3023520,0,"MIN","NUM",0
1533,3023539,0,"MIN","NUM",10
1534,3023539,0,"MAX","NUM",150
1535,3023589,0,"MAX","NUM",60200
1536,3023589,0,"MIN","NUM",37
1537,3023599,0,"MIN","NUM",0
1538,3023599,0,"MAX","NUM",820
1539,3023604,0,"MIN","NUM",31
1540,3023604,0,"MAX","NUM",31
1541,3023640,0,"MAX","NUM",1879
1542,3023640,0,"MIN","NUM",1
1543,3023643,0,"MAX","NUM",661.23
1544,3023643,0,"MIN","NUM",0
1545,3023659,0,"MIN","NUM",1
1546,3023659,0,"MAX","NUM",154
1547,3023669,0,"MIN","NUM",5
1548,3023669,0,"MAX","NUM",78
1549,3023709,0,"MIN","NUM",0.1
1550,3023709,0,"MAX","NUM",321
1551,3023851,0,"MAX","NUM",7442
1552,3023851,0,"MIN","NUM",0
1553,3023885,0,"MIN","NUM",22
1554,3023885,0,"MAX","NUM",3280
1555,3023919,0,"MIN","NUM",10
1556,3023919,0,"MAX","NUM",43
1557,3023929,0,"MAX","NUM",4
1558,3023929,0,"MIN","NUM",4
1559,3023936,0,"MIN","NUM",0
1560,3023936,0,"MAX","NUM",12.3
1561,3023980,0,"MIN","NUM",-4
1562,3023980,0,"MAX","NUM",8
1563,3023985,0,"MAX","NUM",5.4
1564,3023985,0,"MIN","NUM",0.5
1565,3024069,0,"MAX","NUM",4850
1566,3024069,0,"MIN","NUM",5
1567,3024072,0,"MAX","NUM",5.08
1568,3024072,0,"MIN","NUM",0
1569,3024120,0,"MIN","NUM",2
1570,3024120,0,"MAX","NUM",958
1571,3024128,0,"MAX","NUM",80
1572,3024128,0,"MIN","NUM",0.1
1573,3024139,0,"MAX","NUM",2995
1574,3024139,0,"MIN","NUM",4
1575,3024144,0,"MIN","NUM",40
1576,3024144,0,"MAX","NUM",235
1577,3024149,0,"MAX","NUM",21
1578,3024149,0,"MIN","NUM",0.1
1579,3024171,0,"MAX","NUM",16701895
1580,3024171,0,"MIN","NUM",-18
1581,3024172,0,"MAX","NUM",11459
1582,3024172,0,"MIN","NUM",1
1583,3024178,0,"MIN","NUM",9.4
1584,3024178,0,"MAX","NUM",15
1585,3024262,0,"MAX","NUM",566
1586,3024262,0,"MIN","NUM",0.5
1587,3024273,0,"MAX","NUM",2804.1
1588,3024273,0,"MIN","NUM",143.7
1589,3024303,0,"MIN","NUM",0.5
1590,3024303,0,"MAX","NUM",18.2
1591,3024354,0,"MAX","NUM",1313
1592,3024354,0,"MIN","NUM",0
1593,3024391,0,"MIN","NUM",8
1594,3024391,0,"MAX","NUM",8
1595,3024455,0,"MAX","NUM",35
1596,3024455,0,"MIN","NUM",35
1597,3024469,0,"MIN","NUM",0.12
1598,3024469,0,"MAX","NUM",26.7
1599,3024474,0,"MIN","NUM",1
1600,3024474,0,"MAX","NUM",4168.8
1601,3024478,0,"MAX","NUM",0
1602,3024478,0,"MIN","NUM",0
1603,3024489,0,"MAX","NUM",19.31
1604,3024489,0,"MIN","NUM",0
1605,3024561,0,"MAX","NUM",5567
1606,3024561,0,"MIN","NUM",-0.1
1607,3024593,0,"MAX","NUM",42.1
1608,3024593,0,"MIN","NUM",0.1
1609,3024605,0,"MIN","NUM",0
1610,3024605,0,"MAX","NUM",6.98
1611,3024629,0,"MIN","NUM",0
1612,3024629,0,"MAX","NUM",2000
1613,3024654,0,"MIN","NUM",0
1614,3024654,0,"MAX","NUM",1.5
1615,3024666,0,"MAX","NUM",5
1616,3024666,0,"MIN","NUM",0
1617,3024675,0,"MAX","NUM",9.2
1618,3024675,0,"MIN","NUM",0.4
1619,3024713,0,"MAX","NUM",2990
1620,3024713,0,"MIN","NUM",23
1621,3024773,0,"MAX","NUM",4.44
1622,3024773,0,"MIN","NUM",4.44
1623,3024802,0,"MIN","NUM",1
1624,3024802,0,"MAX","NUM",191
1625,3024821,0,"MIN","NUM",13
1626,3024821,0,"MAX","NUM",684
1627,3024826,0,"MIN","NUM",0
1628,3024826,0,"MAX","NUM",24.75
1629,3024830,0,"MIN","NUM",4
1630,3024830,0,"MAX","NUM",17
1631,3024865,0,"MAX","NUM",46.7
1632,3024865,0,"MIN","NUM",0.5
1633,3024889,0,"MAX","NUM",31
1634,3024889,0,"MIN","NUM",-1
1635,3024929,0,"MAX","NUM",188000
1636,3024929,0,"MIN","NUM",0
1637,3024934,0,"MAX","NUM",4
1638,3024934,0,"MIN","NUM",4
1639,3024975,0,"MIN","NUM",5
1640,3024975,0,"MAX","NUM",736
1641,3024980,0,"MIN","NUM",1
1642,3024980,0,"MAX","NUM",1980
1643,3024987,0,"MIN","NUM",5
1644,3024987,0,"MAX","NUM",87
1645,3025086,0,"MAX","NUM",129
1646,3025086,0,"MIN","NUM",0
1647,3025103,0,"MIN","NUM",0.13
1648,3025103,0,"MAX","NUM",38.8
1649,3025149,0,"MIN","NUM",1
1650,3025149,0,"MAX","NUM",1
1651,3025150,0,"MIN","NUM",0
1652,3025150,0,"MAX","NUM",14
1653,3025221,0,"MIN","NUM",0
1654,3025221,0,"MAX","NUM",1.8
1655,3025234,0,"MIN","NUM",6
1656,3025234,0,"MAX","NUM",470
1657,3025255,0,"MAX","NUM",1650.7
1658,3025255,0,"MIN","NUM",1650.7
1659,3025260,0,"MIN","NUM",0.11
1660,3025260,0,"MAX","NUM",20.7
1661,3025285,0,"MIN","NUM",0
1662,3025285,0,"MAX","NUM",22776
1663,3025296,0,"MAX","NUM",7.87
1664,3025296,0,"MIN","NUM",0.22
1665,3025313,0,"MIN","NUM",0
1666,3025313,0,"MAX","NUM",413.6
1667,3025315,0,"MAX","NUM",860363
1668,3025315,0,"MIN","NUM",0.01
1669,3025365,0,"MIN","NUM",0.26
1670,3025365,0,"MAX","NUM",14.6
1671,3025411,0,"MAX","NUM",699
1672,3025411,0,"MIN","NUM",0.6
1673,3025455,0,"MAX","NUM",18.6
1674,3025455,0,"MIN","NUM",0.07
1675,3025461,0,"MIN","NUM",0.11
1676,3025461,0,"MAX","NUM",3.64
1677,3025466,0,"MIN","NUM",1
1678,3025466,0,"MAX","NUM",84
1679,3025481,0,"MIN","NUM",0.3
1680,3025481,0,"MAX","NUM",39.9
1681,3025522,0,"MAX","NUM",169.8
1682,3025522,0,"MIN","NUM",2.3
1683,3025547,0,"MAX","NUM",29195
1684,3025547,0,"MIN","NUM",0.3
1685,3025591,0,"MIN","NUM",0.7
1686,3025591,0,"MAX","NUM",115.1
1687,3025626,0,"MAX","NUM",200
1688,3025626,0,"MIN","NUM",0
1689,3025631,0,"MAX","NUM",13.9
1690,3025631,0,"MIN","NUM",1.2
1691,3025684,0,"MAX","NUM",2.5
1692,3025684,0,"MIN","NUM",0.1
1693,3025776,0,"MAX","NUM",137
1694,3025776,0,"MIN","NUM",7
1695,3025809,0,"MIN","NUM",0
1696,3025809,0,"MAX","NUM",3890
1697,3025862,0,"MIN","NUM",2
1698,3025862,0,"MAX","NUM",320
1699,3025886,0,"MIN","NUM",0
1700,3025886,0,"MAX","NUM",225
1701,3025911,0,"MIN","NUM",2.6
1702,3025911,0,"MAX","NUM",5260
1703,3025966,0,"MAX","NUM",1.07
1704,3025966,0,"MIN","NUM",0.31
1705,3025987,0,"MIN","NUM",0
1706,3025987,0,"MAX","NUM",12307.3
1707,3026046,0,"MIN","NUM",0.11
1708,3026046,0,"MAX","NUM",19.5
1709,3026116,0,"MAX","NUM",2
1710,3026116,0,"MIN","NUM",2
1711,3026179,0,"MIN","NUM",0.1
1712,3026179,0,"MAX","NUM",534
1713,3026237,0,"MIN","NUM",0
1714,3026237,0,"MAX","NUM",9700000
1715,3026250,0,"MIN","NUM",0
1716,3026250,0,"MAX","NUM",261
1717,3026253,0,"MIN","NUM",0.07
1718,3026253,0,"MAX","NUM",8.98
1719,3026258,0,"MIN","NUM",0
1720,3026258,0,"MAX","NUM",4683
1721,3026285,0,"MIN","NUM",0.14
1722,3026285,0,"MAX","NUM",520
1723,3026286,0,"MIN","NUM",1
1724,3026286,0,"MAX","NUM",275530
1725,3026291,0,"MIN","NUM",0.11
1726,3026291,0,"MAX","NUM",0.54
1727,3026306,0,"MIN","NUM",0
1728,3026306,0,"MAX","NUM",0.06
1729,3026312,0,"MIN","NUM",1
1730,3026312,0,"MAX","NUM",55
1731,3026470,0,"MAX","NUM",81.9
1732,3026470,0,"MIN","NUM",0.2
1733,3026566,0,"MIN","NUM",0
1734,3026566,0,"MAX","NUM",89
1735,3026623,0,"MIN","NUM",0
1736,3026623,0,"MAX","NUM",106
1737,3026704,0,"MAX","NUM",750
1738,3026704,0,"MIN","NUM",4
1739,3026729,0,"MAX","NUM",2519
1740,3026729,0,"MIN","NUM",0.01
1741,3026778,0,"MIN","NUM",35
1742,3026778,0,"MAX","NUM",35
1743,3026782,0,"MIN","NUM",33
1744,3026782,0,"MAX","NUM",6770
1745,3026834,0,"MAX","NUM",176
1746,3026834,0,"MIN","NUM",23
1747,3026893,0,"MIN","NUM",0
1748,3026893,0,"MAX","NUM",2669
1749,3026910,0,"MAX","NUM",5820
1750,3026910,0,"MIN","NUM",0
1751,3026925,0,"MIN","NUM",0.3
1752,3026925,0,"MAX","NUM",180
1753,3027018,0,"MAX","NUM",79000000
1754,3027018,0,"MIN","NUM",-107
1755,3027020,0,"MIN","NUM",0.13
1756,3027020,0,"MAX","NUM",1.74
1757,3027105,0,"MIN","NUM",3
1758,3027105,0,"MAX","NUM",3310
1759,3027114,0,"MAX","NUM",2369
1760,3027114,0,"MIN","NUM",0
1761,3027126,0,"MAX","NUM",1236
1762,3027126,0,"MIN","NUM",0.51
1763,3027135,0,"MIN","NUM",19
1764,3027135,0,"MAX","NUM",4900
1765,3027144,0,"MIN","NUM",0.1
1766,3027144,0,"MAX","NUM",16200
1767,3027165,0,"MIN","NUM",0.11
1768,3027165,0,"MAX","NUM",64.8
1769,3027180,0,"MAX","NUM",198
1770,3027180,0,"MIN","NUM",0
1771,3027215,0,"MIN","NUM",-31.3
1772,3027215,0,"MAX","NUM",138
1773,3027223,0,"MIN","NUM",0
1774,3027223,0,"MAX","NUM",26
1775,3027227,0,"MIN","NUM",0
1776,3027227,0,"MAX","NUM",16
1777,3027231,0,"MAX","NUM",7.57
1778,3027231,0,"MIN","NUM",0.11
1779,3027238,0,"MIN","NUM",0.2
1780,3027238,0,"MAX","NUM",92812
1781,3027259,0,"MAX","NUM",10
1782,3027259,0,"MIN","NUM",10
1783,3027273,0,"MIN","NUM",-27
1784,3027273,0,"MAX","NUM",99
1785,3027300,0,"MAX","NUM",83.3
1786,3027300,0,"MIN","NUM",0.1
1787,3027306,0,"MIN","NUM",0.31
1788,3027306,0,"MAX","NUM",1.03
1789,3027315,0,"MIN","NUM",21
1790,3027315,0,"MAX","NUM",760
1791,3027358,0,"MAX","NUM",37267036
1792,3027358,0,"MIN","NUM",-90
1793,3027370,0,"MAX","NUM",11000
1794,3027370,0,"MIN","NUM",552
1795,3027383,0,"MAX","NUM",29.5
1796,3027383,0,"MIN","NUM",0.1
1797,3027401,0,"MAX","NUM",11.1
1798,3027401,0,"MIN","NUM",0.5
1799,3027457,0,"MIN","NUM",23
1800,3027457,0,"MAX","NUM",314
1801,3027476,0,"MAX","NUM",238
1802,3027476,0,"MIN","NUM",0.1
1803,3027514,0,"MAX","NUM",9640
1804,3027514,0,"MIN","NUM",5.4
1805,3027557,0,"MIN","NUM",0
1806,3027557,0,"MAX","NUM",38
1807,3027591,0,"MAX","NUM",8420
1808,3027591,0,"MIN","NUM",63
1809,3027600,0,"MAX","NUM",11
1810,3027600,0,"MIN","NUM",11
1811,3027626,0,"MAX","NUM",46.7
1812,3027626,0,"MIN","NUM",1.3
1813,3027651,0,"MAX","NUM",884.4
1814,3027651,0,"MIN","NUM",0
1815,3027678,0,"MIN","NUM",0
1816,3027678,0,"MAX","NUM",100
1817,3027801,0,"MIN","NUM",0
1818,3027801,0,"MAX","NUM",39900
1819,3027833,0,"MAX","NUM",100
1820,3027833,0,"MIN","NUM",25
1821,3027913,0,"MIN","NUM",30
1822,3027913,0,"MAX","NUM",30
1823,3027933,0,"MIN","NUM",0
1824,3027933,0,"MAX","NUM",114
1825,3027946,0,"MAX","NUM",147
1826,3027946,0,"MIN","NUM",0
1827,3027953,0,"MAX","NUM",1106.6
1828,3027953,0,"MIN","NUM",1.5
1829,3027997,0,"MIN","NUM",76
1830,3027997,0,"MAX","NUM",322
1831,3028018,0,"MIN","NUM",0
1832,3028018,0,"MAX","NUM",0.18
1833,3028019,0,"MIN","NUM",81
1834,3028019,0,"MAX","NUM",81
1835,3028026,0,"MAX","NUM",9999999
1836,3028026,0,"MIN","NUM",0.01
1837,3028054,0,"MAX","NUM",27300
1838,3028054,0,"MIN","NUM",5
1839,3028075,0,"MIN","NUM",0.1
1840,3028075,0,"MAX","NUM",790.2
1841,3028110,0,"MAX","NUM",755.7
1842,3028110,0,"MIN","NUM",1
1843,3028167,0,"MIN","NUM",0
1844,3028167,0,"MAX","NUM",110952
1845,3028192,0,"MIN","NUM",16
1846,3028192,0,"MAX","NUM",1950
1847,3028193,0,"MIN","NUM",0.1
1848,3028193,0,"MAX","NUM",159
1849,3028274,0,"MAX","NUM",116
1850,3028274,0,"MIN","NUM",0
1851,3028286,0,"MIN","NUM",0
1852,3028286,0,"MAX","NUM",7.32
1853,3028288,0,"MAX","NUM",959
1854,3028288,0,"MIN","NUM",-100
1855,3028339,0,"MIN","NUM",0
1856,3028339,0,"MAX","NUM",22.47
1857,3028352,0,"MIN","NUM",0.3
1858,3028352,0,"MAX","NUM",0.3
1859,3028398,0,"MAX","NUM",2.09
1860,3028398,0,"MIN","NUM",0.1
1861,3028430,0,"MAX","NUM",13680
1862,3028430,0,"MIN","NUM",26
1863,3028447,0,"MAX","NUM",96.4
1864,3028447,0,"MIN","NUM",1
1865,3028481,0,"MAX","NUM",4710
1866,3028481,0,"MIN","NUM",10
1867,3028506,0,"MAX","NUM",772.8
1868,3028506,0,"MIN","NUM",0
1869,3028531,0,"MIN","NUM",3.2
1870,3028531,0,"MAX","NUM",251
1871,3028545,0,"MAX","NUM",0.5
1872,3028545,0,"MIN","NUM",0.5
1873,3028557,0,"MIN","NUM",0.3
1874,3028557,0,"MAX","NUM",20.6
1875,3028591,0,"MAX","NUM",5.68
1876,3028591,0,"MIN","NUM",0.19
1877,3028602,0,"MAX","NUM",2706.9
1878,3028602,0,"MIN","NUM",0
1879,3028615,0,"MAX","NUM",1241
1880,3028615,0,"MIN","NUM",0
1881,3028639,0,"MAX","NUM",52.7
1882,3028639,0,"MIN","NUM",0.1
1883,3028652,0,"MIN","NUM",0.2
1884,3028652,0,"MAX","NUM",19.1
1885,3028684,0,"MIN","NUM",77
1886,3028684,0,"MAX","NUM",345
1887,3028717,0,"MAX","NUM",352
1888,3028717,0,"MIN","NUM",15
1889,3028718,0,"MAX","NUM",24582
1890,3028718,0,"MIN","NUM",0.06
1891,3028748,0,"MIN","NUM",4
1892,3028748,0,"MAX","NUM",520
1893,3028772,0,"MAX","NUM",252
1894,3028772,0,"MIN","NUM",2
1895,3028799,0,"MIN","NUM",0
1896,3028799,0,"MAX","NUM",44.7
1897,3028833,0,"MIN","NUM",0
1898,3028833,0,"MAX","NUM",97.1
1899,3029080,0,"MIN","NUM",0.7
1900,3029080,0,"MAX","NUM",187
1901,3029192,0,"MAX","NUM",4326
1902,3029192,0,"MIN","NUM",109
1903,3030326,0,"MAX","NUM",1550
1904,3030326,0,"MIN","NUM",3
1905,3030366,0,"MIN","NUM",0.42
1906,3030366,0,"MAX","NUM",7.42
1907,3030384,0,"MAX","NUM",1000
1908,3030384,0,"MIN","NUM",1
1909,3030595,0,"MAX","NUM",26900
1910,3030595,0,"MIN","NUM",2
1911,3030631,0,"MIN","NUM",51
1912,3030631,0,"MAX","NUM",4981
1913,3030658,0,"MIN","NUM",2
1914,3030658,0,"MAX","NUM",1050
1915,3030703,0,"MAX","NUM",78
1916,3030703,0,"MIN","NUM",1.2
1917,3030791,0,"MIN","NUM",0
1918,3030791,0,"MAX","NUM",59
1919,3030884,0,"MIN","NUM",0
1920,3030884,0,"MAX","NUM",270
1921,3030894,0,"MIN","NUM",0
1922,3030894,0,"MAX","NUM",100
1923,3030913,0,"MAX","NUM",100
1924,3030913,0,"MIN","NUM",0
1925,3030934,0,"MAX","NUM",178
1926,3030934,0,"MIN","NUM",2
1927,3030992,0,"MAX","NUM",40
1928,3030992,0,"MIN","NUM",1
1929,3031103,0,"MAX","NUM",236
1930,3031103,0,"MIN","NUM",0
1931,3031119,0,"MIN","NUM",0.09
1932,3031119,0,"MAX","NUM",6.28
1933,3031490,0,"MAX","NUM",214
1934,3031490,0,"MIN","NUM",214
1935,3031543,0,"MIN","NUM",-7834.96
1936,3031543,0,"MAX","NUM",26124565.43
1937,3031664,0,"MIN","NUM",0
1938,3031664,0,"MAX","NUM",49
1939,3031748,0,"MIN","NUM",1
1940,3031748,0,"MAX","NUM",6200
1941,3031767,0,"MAX","NUM",1762
1942,3031767,0,"MIN","NUM",11
1943,3031952,0,"MIN","NUM",0
1944,3031952,0,"MAX","NUM",13.92
1945,3032532,0,"MIN","NUM",2
1946,3032532,0,"MAX","NUM",5
1947,3032725,0,"MIN","NUM",8
1948,3032725,0,"MAX","NUM",8
1949,3032729,0,"MIN","NUM",2
1950,3032729,0,"MAX","NUM",979
1951,3032873,0,"MIN","NUM",0.6
1952,3032873,0,"MAX","NUM",18.8
1953,3032926,0,"MAX","NUM",100
1954,3032926,0,"MIN","NUM",0
1955,3033298,0,"MAX","NUM",956
1956,3033298,0,"MIN","NUM",2
1957,3033341,0,"MIN","NUM",1
1958,3033341,0,"MAX","NUM",647
1959,3033490,0,"MIN","NUM",8
1960,3033490,0,"MAX","NUM",8
1961,3033526,0,"MIN","NUM",0.01
1962,3033526,0,"MAX","NUM",487
1963,3033575,0,"MAX","NUM",3279
1964,3033575,0,"MIN","NUM",0
1965,3033625,0,"MAX","NUM",3060
1966,3033625,0,"MIN","NUM",3
1967,3033631,0,"MIN","NUM",0.13
1968,3033631,0,"MAX","NUM",0.13
1969,3033670,0,"MIN","NUM",0.2
1970,3033670,0,"MAX","NUM",142
1971,3033685,0,"MAX","NUM",741
1972,3033685,0,"MIN","NUM",4
1973,3033745,0,"MAX","NUM",46.77
1974,3033745,0,"MIN","NUM",0
1975,3033851,0,"MIN","NUM",0
1976,3033851,0,"MAX","NUM",108.8
1977,3033882,0,"MIN","NUM",2
1978,3033882,0,"MAX","NUM",1380
1979,3033891,0,"MAX","NUM",28.5
1980,3033891,0,"MIN","NUM",1.5
1981,3033893,0,"MIN","NUM",0.22
1982,3033893,0,"MAX","NUM",10.9
1983,3034080,0,"MAX","NUM",22.9
1984,3034080,0,"MIN","NUM",0.4
1985,3034107,0,"MAX","NUM",180
1986,3034107,0,"MIN","NUM",0
1987,3034113,0,"MIN","NUM",25.6
1988,3034113,0,"MAX","NUM",137.5
1989,3034124,0,"MIN","NUM",0.68
1990,3034124,0,"MAX","NUM",1.16
1991,3034387,0,"MAX","NUM",211
1992,3034387,0,"MIN","NUM",47
1993,3034426,0,"MIN","NUM",0
1994,3034426,0,"MAX","NUM",773
1995,3034442,0,"MAX","NUM",32
1996,3034442,0,"MIN","NUM",0.25
1997,3034548,0,"MAX","NUM",114.3
1998,3034548,0,"MIN","NUM",0.01
1999,3034554,0,"MAX","NUM",43
2000,3034554,0,"MIN","NUM",6
2001,3034567,0,"MAX","NUM",60
2002,3034567,0,"MIN","NUM",9
2003,3034578,0,"MAX","NUM",2003
2004,3034578,0,"MIN","NUM",0
2005,3034597,0,"MIN","NUM",0.04
2006,3034597,0,"MAX","NUM",92225
2007,3034780,0,"MAX","NUM",748
2008,3034780,0,"MIN","NUM",2
2009,3034806,0,"MAX","NUM",8.04
2010,3034806,0,"MIN","NUM",0.11
2011,3034860,0,"MAX","NUM",17090
2012,3034860,0,"MIN","NUM",0.05
2013,3034868,0,"MIN","NUM",3.3
2014,3034868,0,"MAX","NUM",300
2015,3035015,0,"MAX","NUM",22388
2016,3035015,0,"MIN","NUM",6
2017,3035043,0,"MAX","NUM",333
2018,3035043,0,"MIN","NUM",0.27
2019,3035124,0,"MAX","NUM",199173
2020,3035124,0,"MIN","NUM",-10
2021,3035153,0,"MAX","NUM",0.1
2022,3035153,0,"MIN","NUM",0.1
2023,3035400,0,"MIN","NUM",16
2024,3035400,0,"MAX","NUM",2430
2025,3035401,0,"MAX","NUM",16
2026,3035401,0,"MIN","NUM",2
2027,3035505,0,"MIN","NUM",0
2028,3035505,0,"MAX","NUM",69.31
2029,3035509,0,"MAX","NUM",64
2030,3035509,0,"MIN","NUM",0
2031,3035510,0,"MAX","NUM",190.9
2032,3035510,0,"MIN","NUM",0.1
2033,3035526,0,"MAX","NUM",28
2034,3035526,0,"MIN","NUM",1
2035,3035551,0,"MAX","NUM",4
2036,3035551,0,"MIN","NUM",1
2037,3035569,0,"MIN","NUM",0
2038,3035569,0,"MAX","NUM",2788
2039,3035583,0,"MAX","NUM",47586
2040,3035583,0,"MIN","NUM",0
2041,3035584,0,"MIN","NUM",0.1
2042,3035584,0,"MAX","NUM",28.2
2043,3035588,0,"MIN","NUM",0
2044,3035588,0,"MAX","NUM",1.8
2045,3035633,0,"MAX","NUM",2.33
2046,3035633,0,"MIN","NUM",0.17
2047,3035637,0,"MIN","NUM",2
2048,3035637,0,"MAX","NUM",180313
2049,3035792,0,"MAX","NUM",0
2050,3035792,0,"MIN","NUM",0
2051,3035801,0,"MAX","NUM",1730
2052,3035801,0,"MIN","NUM",1
2053,3035826,0,"MAX","NUM",8.59
2054,3035826,0,"MIN","NUM",0
2055,3035995,0,"MAX","NUM",14214
2056,3035995,0,"MIN","NUM",-1
2057,3036031,0,"MIN","NUM",0.11
2058,3036031,0,"MAX","NUM",91.6
2059,3036035,0,"MIN","NUM",12
2060,3036035,0,"MAX","NUM",396
2061,3036036,0,"MIN","NUM",4
2062,3036036,0,"MAX","NUM",105
2063,3036105,0,"MAX","NUM",79890
2064,3036105,0,"MIN","NUM",40
2065,3036152,0,"MAX","NUM",117.3
2066,3036152,0,"MIN","NUM",0
2067,3036172,0,"MIN","NUM",119
2068,3036172,0,"MAX","NUM",131
2069,3036230,0,"MIN","NUM",3
2070,3036230,0,"MAX","NUM",655
2071,3036243,0,"MAX","NUM",71.7
2072,3036243,0,"MIN","NUM",0
2073,3036277,0,"MAX","NUM",16933300000000
2074,3036277,0,"MIN","NUM",0.17
2075,3036312,0,"MIN","NUM",0.16
2076,3036312,0,"MAX","NUM",44.8
2077,3036325,0,"MIN","NUM",8
2078,3036325,0,"MAX","NUM",1146
2079,3036412,0,"MAX","NUM",34
2080,3036412,0,"MIN","NUM",8
2081,3036426,0,"MAX","NUM",196
2082,3036426,0,"MIN","NUM",0
2083,3036489,0,"MIN","NUM",13
2084,3036489,0,"MAX","NUM",193
2085,3036509,0,"MIN","NUM",2
2086,3036509,0,"MAX","NUM",228
2087,3036535,0,"MIN","NUM",0
2088,3036535,0,"MAX","NUM",45941.3
2089,3036550,0,"MIN","NUM",2
2090,3036550,0,"MAX","NUM",69
2091,3036567,0,"MAX","NUM",1362
2092,3036567,0,"MIN","NUM",41
2093,3036663,0,"MAX","NUM",100
2094,3036663,0,"MIN","NUM",0
2095,3036727,0,"MIN","NUM",0.35
2096,3036727,0,"MAX","NUM",1267172
2097,3036774,0,"MAX","NUM",84.5
2098,3036774,0,"MIN","NUM",2
2099,3036780,0,"MIN","NUM",0.1
2100,3036780,0,"MAX","NUM",75.4
2101,3036809,0,"MIN","NUM",1
2102,3036809,0,"MAX","NUM",186
2103,3036866,0,"MIN","NUM",0.3
2104,3036866,0,"MAX","NUM",2.2
2105,3036931,0,"MAX","NUM",2122
2106,3036931,0,"MIN","NUM",10
2107,3036949,0,"MIN","NUM",0.12
2108,3036949,0,"MAX","NUM",12.6
2109,3036987,0,"MIN","NUM",0.5
2110,3036987,0,"MAX","NUM",558.6
2111,3037006,0,"MIN","NUM",0.05
2112,3037006,0,"MAX","NUM",47
2113,3037010,0,"MAX","NUM",86074
2114,3037010,0,"MIN","NUM",0
2115,3037039,0,"MIN","NUM",0
2116,3037039,0,"MAX","NUM",415.7
2117,3037043,0,"MIN","NUM",0
2118,3037043,0,"MAX","NUM",4971.2
2119,3037070,0,"MIN","NUM",0
2120,3037070,0,"MAX","NUM",62
2121,3037101,0,"MIN","NUM",0.6
2122,3037101,0,"MAX","NUM",16.2
2123,3037110,0,"MIN","NUM",48
2124,3037110,0,"MAX","NUM",398
2125,3037201,0,"MAX","NUM",188
2126,3037201,0,"MIN","NUM",0.7
2127,3037234,0,"MAX","NUM",56
2128,3037234,0,"MIN","NUM",0
2129,3037306,0,"MAX","NUM",51
2130,3037306,0,"MIN","NUM",8
2131,3037350,0,"MAX","NUM",302
2132,3037350,0,"MIN","NUM",0
2133,3037381,0,"MIN","NUM",0.22
2134,3037381,0,"MAX","NUM",0.28
2135,3037426,0,"MIN","NUM",0
2136,3037426,0,"MAX","NUM",12
2137,3037475,0,"MAX","NUM",15
2138,3037475,0,"MIN","NUM",0.1
2139,3037501,0,"MIN","NUM",32
2140,3037501,0,"MAX","NUM",64
2141,3037511,0,"MAX","NUM",343.9
2142,3037511,0,"MIN","NUM",0
2143,3037524,0,"MAX","NUM",64.4
2144,3037524,0,"MIN","NUM",0.6
2145,3037533,0,"MAX","NUM",656
2146,3037533,0,"MIN","NUM",7
2147,3037549,0,"MIN","NUM",4
2148,3037549,0,"MAX","NUM",4
2149,3037556,0,"MIN","NUM",0
2150,3037556,0,"MAX","NUM",424
2151,3037588,0,"MIN","NUM",0.01
2152,3037588,0,"MAX","NUM",0.29
2153,3037670,0,"MAX","NUM",136
2154,3037670,0,"MIN","NUM",0
2155,3037684,0,"MAX","NUM",4022
2156,3037684,0,"MIN","NUM",1
2157,3037701,0,"MIN","NUM",0.4
2158,3037701,0,"MAX","NUM",1875.7
2159,3037850,0,"MIN","NUM",1
2160,3037850,0,"MAX","NUM",13.28
2161,3037988,0,"MIN","NUM",0
2162,3037988,0,"MAX","NUM",26
2163,3038021,0,"MAX","NUM",107
2164,3038021,0,"MIN","NUM",5
2165,3038056,0,"MAX","NUM",659
2166,3038056,0,"MIN","NUM",2
2167,3038058,0,"MAX","NUM",114
2168,3038058,0,"MIN","NUM",0
2169,3038086,0,"MAX","NUM",4
2170,3038086,0,"MIN","NUM",4
2171,3038136,0,"MAX","NUM",262.7
2172,3038136,0,"MIN","NUM",0
2173,3038205,0,"MAX","NUM",45.9
2174,3038205,0,"MIN","NUM",0.1
2175,3038232,0,"MIN","NUM",0
2176,3038232,0,"MAX","NUM",192
2177,3038235,0,"MAX","NUM",6
2178,3038235,0,"MIN","NUM",0
2179,3038568,0,"MIN","NUM",0.02
2180,3038568,0,"MAX","NUM",20.13
2181,3038664,0,"MIN","NUM",0.01
2182,3038664,0,"MAX","NUM",11.87
2183,3038677,0,"MIN","NUM",0.3
2184,3038677,0,"MAX","NUM",11
2185,3038882,0,"MAX","NUM",943
2186,3038882,0,"MIN","NUM",4.9
2187,3038887,0,"MAX","NUM",72900
2188,3038887,0,"MIN","NUM",0.1
2189,3038918,0,"MAX","NUM",107.4
2190,3038918,0,"MIN","NUM",0
2191,3038974,0,"MIN","NUM",0.1
2192,3038974,0,"MAX","NUM",8.4
2193,3039077,0,"MAX","NUM",240
2194,3039077,0,"MIN","NUM",0
2195,3039426,0,"MAX","NUM",187
2196,3039426,0,"MIN","NUM",-7.3
2197,3039497,0,"MIN","NUM",0
2198,3039497,0,"MAX","NUM",1326600
2199,3039568,0,"MAX","NUM",27.05
2200,3039568,0,"MIN","NUM",27.05
2201,3039719,0,"MAX","NUM",367
2202,3039719,0,"MIN","NUM",0.7
2203,3039753,0,"MIN","NUM",0.1
2204,3039753,0,"MAX","NUM",7.9
2205,3039783,0,"MAX","NUM",673220
2206,3039783,0,"MIN","NUM",0
2207,3039802,0,"MIN","NUM",0.06
2208,3039802,0,"MAX","NUM",10.94
2209,3039818,0,"MIN","NUM",0
2210,3039818,0,"MAX","NUM",2435.5
2211,3039835,0,"MAX","NUM",46
2212,3039835,0,"MIN","NUM",0
2213,3039930,0,"MIN","NUM",0
2214,3039930,0,"MAX","NUM",93
2215,3040126,0,"MAX","NUM",14.05
2216,3040126,0,"MIN","NUM",0.03
2217,3040200,0,"MAX","NUM",114
2218,3040200,0,"MIN","NUM",0
2219,3040373,0,"MAX","NUM",9.46
2220,3040373,0,"MIN","NUM",0
2221,3040433,0,"MIN","NUM",0
2222,3040433,0,"MAX","NUM",1870
2223,3040571,0,"MIN","NUM",0.03
2224,3040571,0,"MAX","NUM",1.74
2225,3040648,0,"MAX","NUM",86
2226,3040648,0,"MIN","NUM",25
2227,3040808,0,"MIN","NUM",2.1
2228,3040808,0,"MAX","NUM",92.9
2229,3040897,0,"MAX","NUM",9
2230,3040897,0,"MIN","NUM",0
2231,3041078,0,"MIN","NUM",0.8
2232,3041078,0,"MAX","NUM",53.4
2233,3041253,0,"MAX","NUM",720
2234,3041253,0,"MIN","NUM",-13
2235,3041302,0,"MAX","NUM",1
2236,3041302,0,"MIN","NUM",0
2237,3041307,0,"MIN","NUM",0
2238,3041307,0,"MAX","NUM",5.68
2239,3041375,0,"MAX","NUM",0.97
2240,3041375,0,"MIN","NUM",0.28
2241,3041423,0,"MAX","NUM",182
2242,3041423,0,"MIN","NUM",0
2243,3041449,0,"MIN","NUM",34
2244,3041449,0,"MAX","NUM",3097
2245,3041952,0,"MIN","NUM",0.2
2246,3041952,0,"MAX","NUM",119.9
2247,3042053,0,"MIN","NUM",0
2248,3042053,0,"MAX","NUM",20
2249,3042065,0,"MIN","NUM",0.02
2250,3042065,0,"MAX","NUM",15.22
2251,3042211,0,"MAX","NUM",19.18
2252,3042211,0,"MIN","NUM",0.01
2253,3042222,0,"MAX","NUM",2980
2254,3042222,0,"MIN","NUM",3
2255,3042272,0,"MIN","NUM",2
2256,3042272,0,"MAX","NUM",107
2257,3042299,0,"MIN","NUM",0.67
2258,3042299,0,"MAX","NUM",58
2259,3042421,0,"MIN","NUM",0
2260,3042421,0,"MAX","NUM",16
2261,3042436,0,"MAX","NUM",111.3
2262,3042436,0,"MIN","NUM",26.2
2263,3042455,0,"MAX","NUM",18.15
2264,3042455,0,"MIN","NUM",0
2265,3042529,0,"MAX","NUM",15
2266,3042529,0,"MIN","NUM",0
2267,3042549,0,"MIN","NUM",0
2268,3042549,0,"MAX","NUM",44.9
2269,3042621,0,"MIN","NUM",1.2
2270,3042621,0,"MAX","NUM",157
2271,3042641,0,"MIN","NUM",21
2272,3042641,0,"MAX","NUM",347
2273,3042784,0,"MAX","NUM",90
2274,3042784,0,"MIN","NUM",0
2275,3042822,0,"MIN","NUM",27.5
2276,3042822,0,"MAX","NUM",155.4
2277,3042910,0,"MAX","NUM",610
2278,3042910,0,"MIN","NUM",8
2279,3043111,0,"MAX","NUM",389
2280,3043111,0,"MIN","NUM",0
2281,3043117,0,"MAX","NUM",48.5
2282,3043117,0,"MIN","NUM",18.2
2283,3043263,0,"MIN","NUM",0
2284,3043263,0,"MAX","NUM",0
2285,3043395,0,"MIN","NUM",20
2286,3043395,0,"MAX","NUM",1861
2287,3043562,0,"MAX","NUM",738
2288,3043562,0,"MIN","NUM",0
2289,3044152,0,"MAX","NUM",97
2290,3044152,0,"MIN","NUM",0
2291,3044355,0,"MIN","NUM",0
2292,3044355,0,"MAX","NUM",18
2293,3044491,0,"MAX","NUM",1591
2294,3044491,0,"MIN","NUM",7
2295,3044525,0,"MAX","NUM",1.71
2296,3044525,0,"MIN","NUM",0
2297,3044549,0,"MIN","NUM",0.11
2298,3044549,0,"MAX","NUM",43.26
2299,3044590,0,"MAX","NUM",95
2300,3044590,0,"MIN","NUM",5
2301,3044620,0,"MIN","NUM",0.1
2302,3044620,0,"MAX","NUM",6.1
2303,3044717,0,"MIN","NUM",5
2304,3044717,0,"MAX","NUM",5
2305,3044877,0,"MAX","NUM",6.21
2306,3044877,0,"MIN","NUM",0
2307,3044916,0,"MAX","NUM",119
2308,3044916,0,"MIN","NUM",0
2309,3045104,0,"MIN","NUM",0
2310,3045104,0,"MAX","NUM",254.01
2311,3045129,0,"MAX","NUM",49
2312,3045129,0,"MIN","NUM",0
2313,3045402,0,"MAX","NUM",0.83
2314,3045402,0,"MIN","NUM",0.01
2315,3045684,0,"MIN","NUM",0
2316,3045684,0,"MAX","NUM",138
2317,3045716,0,"MAX","NUM",720
2318,3045716,0,"MIN","NUM",-938
2319,3045755,0,"MIN","NUM",-0.1
2320,3045755,0,"MAX","NUM",176
2321,3045759,0,"MAX","NUM",63
2322,3045759,0,"MIN","NUM",2
2323,3045781,0,"MAX","NUM",4165
2324,3045781,0,"MIN","NUM",10
2325,3045829,0,"MAX","NUM",329
2326,3045829,0,"MIN","NUM",2
2327,3046000,0,"MAX","NUM",361
2328,3046000,0,"MIN","NUM",0
2329,3046033,0,"MAX","NUM",3.4
2330,3046033,0,"MIN","NUM",0
2331,3046171,0,"MIN","NUM",0
2332,3046171,0,"MAX","NUM",31
2333,3046277,0,"MIN","NUM",13.4
2334,3046277,0,"MAX","NUM",64.6
2335,3046279,0,"MIN","NUM",0.07
2336,3046279,0,"MAX","NUM",18.2
2337,3046299,0,"MAX","NUM",20
2338,3046299,0,"MIN","NUM",0
2339,3046538,0,"MIN","NUM",0
2340,3046538,0,"MAX","NUM",350
2341,3046561,0,"MAX","NUM",239
2342,3046561,0,"MIN","NUM",0
2343,3046569,0,"MAX","NUM",23.5
2344,3046569,0,"MIN","NUM",2.3
2345,3046608,0,"MIN","NUM",13.4
2346,3046608,0,"MAX","NUM",60.9
2347,3046710,0,"MIN","NUM",0
2348,3046710,0,"MAX","NUM",367
2349,3046760,0,"MIN","NUM",0.12
2350,3046760,0,"MAX","NUM",0.12
2351,3047064,0,"MIN","NUM",416
2352,3047064,0,"MAX","NUM",15131
2353,3047065,0,"MAX","NUM",144
2354,3047065,0,"MIN","NUM",0
2355,3047169,0,"MAX","NUM",1672.4
2356,3047169,0,"MIN","NUM",0.01
2357,3047181,0,"MAX","NUM",90
2358,3047181,0,"MIN","NUM",-3.3
2359,3047813,0,"MIN","NUM",0
2360,3047813,0,"MAX","NUM",319
2361,3047826,0,"MIN","NUM",0.01
2362,3047826,0,"MAX","NUM",46.7
2363,3048234,0,"MIN","NUM",1
2364,3048234,0,"MAX","NUM",885
2365,3048446,0,"MAX","NUM",10
2366,3048446,0,"MIN","NUM",0
2367,3048506,0,"MAX","NUM",7830753
2368,3048506,0,"MIN","NUM",40
2369,3048689,0,"MIN","NUM",16
2370,3048689,0,"MAX","NUM",1697
2371,3048932,0,"MAX","NUM",57
2372,3048932,0,"MIN","NUM",0
2373,3049175,0,"MIN","NUM",0
2374,3049175,0,"MAX","NUM",6.24
2375,3049398,0,"MAX","NUM",2065
2376,3049398,0,"MIN","NUM",0
2377,3049400,0,"MIN","NUM",2
2378,3049400,0,"MAX","NUM",164077
2379,3049482,0,"MIN","NUM",3
2380,3049482,0,"MAX","NUM",24
2381,3049536,0,"MIN","NUM",0.1
2382,3049536,0,"MAX","NUM",445
2383,3049714,0,"MIN","NUM",5
2384,3049714,0,"MAX","NUM",620
2385,3049738,0,"MAX","NUM",76.3
2386,3049738,0,"MIN","NUM",4.1
2387,3050218,0,"MIN","NUM",0.1
2388,3050218,0,"MAX","NUM",16.7
2389,3050254,0,"MAX","NUM",63
2390,3050254,0,"MIN","NUM",1.1
2391,3050351,0,"MIN","NUM",0.13
2392,3050351,0,"MAX","NUM",43.1
2393,3050479,0,"MIN","NUM",0
2394,3050479,0,"MAX","NUM",72.1
2395,3050658,0,"MAX","NUM",75
2396,3050658,0,"MIN","NUM",0
2397,3050920,0,"MIN","NUM",1.2
2398,3050920,0,"MAX","NUM",63.2
2399,3051205,0,"MAX","NUM",0
2400,3051205,0,"MIN","NUM",0
2401,3051388,0,"MAX","NUM",7
2402,3051388,0,"MIN","NUM",7
2403,3051396,0,"MIN","NUM",0.8
2404,3051396,0,"MAX","NUM",48.7
2405,3051415,0,"MAX","NUM",4.72
2406,3051415,0,"MIN","NUM",0
2407,3051417,0,"MAX","NUM",909
2408,3051417,0,"MIN","NUM",0.7
2409,3051447,0,"MIN","NUM",0
2410,3051447,0,"MAX","NUM",3.04
2411,3051611,0,"MIN","NUM",0
2412,3051611,0,"MAX","NUM",2453
2413,3051651,0,"MAX","NUM",52
2414,3051651,0,"MIN","NUM",0
2415,3051669,0,"MAX","NUM",2694
2416,3051669,0,"MIN","NUM",0
2417,3051825,0,"MIN","NUM",-3.25
2418,3051825,0,"MAX","NUM",148
2419,3052039,0,"MIN","NUM",6
2420,3052039,0,"MAX","NUM",6
2421,3052691,0,"MAX","NUM",8
2422,3052691,0,"MIN","NUM",8
2423,3052851,0,"MAX","NUM",52
2424,3052851,0,"MIN","NUM",0
2425,3052881,0,"MAX","NUM",135
2426,3052881,0,"MIN","NUM",2.4
2427,3052989,0,"MIN","NUM",1
2428,3052989,0,"MAX","NUM",22
2429,3053209,0,"MIN","NUM",0
2430,3053209,0,"MAX","NUM",214476.7
2431,3053342,0,"MIN","NUM",0.16
2432,3053342,0,"MAX","NUM",2.49
2433,40758289,0,"MIN","NUM",0.3
2434,40758289,0,"MAX","NUM",52.6
2435,40758492,0,"MAX","NUM",3.72
2436,40758492,0,"MIN","NUM",0.25
2437,40758914,0,"MAX","NUM",2113125
2438,40758914,0,"MIN","NUM",0
2439,40758927,0,"MIN","NUM",0.5
2440,40758927,0,"MAX","NUM",25.8
2441,40758928,0,"MAX","NUM",285.9
2442,40758928,0,"MIN","NUM",4.6
2443,40759049,0,"MIN","NUM",51
2444,40759049,0,"MAX","NUM",6614.6
2445,40759657,0,"MIN","NUM",0
2446,40759657,0,"MAX","NUM",119
2447,40759660,0,"MIN","NUM",1.02
2448,40759660,0,"MAX","NUM",294.68
2449,40759788,0,"MAX","NUM",627
2450,40759788,0,"MIN","NUM",10
2451,40760993,0,"MIN","NUM",0.11
2452,40760993,0,"MAX","NUM",0.57
2453,40761127,0,"MAX","NUM",3.64
2454,40761127,0,"MIN","NUM",0
2455,40761514,0,"MIN","NUM",0
2456,40761514,0,"MAX","NUM",1951
2457,40762000,0,"MIN","NUM",0
2458,40762000,0,"MAX","NUM",487050
2459,40762388,0,"MIN","NUM",0.5
2460,40762388,0,"MAX","NUM",36.8
2461,40762414,0,"MIN","NUM",0.6
2462,40762414,0,"MAX","NUM",54
2463,40762478,0,"MAX","NUM",2
2464,40762478,0,"MIN","NUM",0
2465,40762896,0,"MAX","NUM",169000
2466,40762896,0,"MIN","NUM",3
2467,40763519,0,"MAX","NUM",5.2
2468,40763519,0,"MIN","NUM",0.1
2469,40763520,0,"MIN","NUM",0.1
2470,40763520,0,"MAX","NUM",4.3
2471,40764191,0,"MIN","NUM",0
2472,40764191,0,"MAX","NUM",80
2473,40765040,0,"MIN","NUM",1.9
2474,40765040,0,"MAX","NUM",906
2475,40766061,0,"MIN","NUM",2
2476,40766061,0,"MAX","NUM",8
2477,40766151,0,"MAX","NUM",22
2478,40766151,0,"MIN","NUM",4
2479,40766163,0,"MIN","NUM",0
2480,40766163,0,"MAX","NUM",0.95
2481,40766183,0,"MAX","NUM",22
2482,40766183,0,"MIN","NUM",22
2483,40766800,0,"MIN","NUM",0
2484,40766800,0,"MAX","NUM",8.98
2485,40768495,0,"MAX","NUM",2
2486,40768495,0,"MIN","NUM",2
2487,40768505,0,"MAX","NUM",1700
2488,40768505,0,"MIN","NUM",1230
2489,40769408,0,"MIN","NUM",0.7
2490,40769408,0,"MAX","NUM",83.1
2491,40769411,0,"MIN","NUM",0.1
2492,40769411,0,"MAX","NUM",65.3
2493,42868604,0,"MAX","NUM",12
2494,42868604,0,"MIN","NUM",0
2495,42869529,0,"MIN","NUM",0
2496,42869529,0,"MAX","NUM",10
2497,42869531,0,"MIN","NUM",0
2498,42869531,0,"MAX","NUM",3.55
2499,43055457,0,"MIN","NUM",24
2500,43055457,0,"MAX","NUM",132
2501,43533706,0,"MAX","NUM",41
2502,43533706,0,"MIN","NUM",2
2503,43533707,0,"MIN","NUM",3
2504,43533707,0,"MAX","NUM",41
2505,44787087,0,"MAX","NUM",648
2506,44787087,0,"MIN","NUM",0.1
2507,46236017,0,"MAX","NUM",11.4
2508,46236017,0,"MIN","NUM",0.3
